text,label
not yang sederhana dengan lirik yang dalam bisa trending di spotify ya  here is a song for you    waktu yang salah  feat  thantri  by fiersa besari,1
lovely writing dari teman paling kesayangan aku   well  we all here can relate to it  kamu harus baca   impossible   inevitable by,1
ready bos am uk    x   dan jam uk   x  ,1
i noticed  bagus suaranya   seru kok  akhirnya  well sejak      sih  merekam podcast tidak sulit sulit amat hoho,1
sewa ratusan laptop  komputer  pc all in one untuk tes unbk  cpns  seleksi pegawai  dll  klik,1
mumpung belum terlambat mas  suka terhadap sesuatu benci terhadap sesuatu  janganlah membongkar aib yang sudah meninggal  go back  tidak usah urusin itu politik  hidupmu hanya sekali  use it well ,1
testi pembelian crocs and fitflop di mothy collection  add instagram  mothycoll  cek foto ,1
well   saya tidak salahin kalian kalian yang kaget lihat greenteck sih   pride  as a crew or solo di hiphop battle sekarang tidak seberharga dulu    sorry to say      tidak seru    ,0
well mannered saja aku mah  atau tidak yang perhatian boleh  aku haus akan perhatian soalnya hehe,1
                yang bener saja kak jam    siang not time delivery  bukan jam pengantaran      ,0
sebenarnya melihat seseorang baik dan buruknya bukan berdasarkan agamanya tetapi memang lihat sifat orangya dan perilaku but not based his religion,1
eh jelasin dong ini jsf lagi ribut apa astaga   can someone please explain this jsf things i do not get it because i do not understand japanese and the auto translate might be wrong,1
tentara yang suka kedip    well well ,0
iklan ahok jahat ahok menciptakan bara api antara rakyat pribumi dengan tionghoa yang dibalut dengan phobia     ahok kafir rasis   ,0
album exo direct message umt ready all version   poster     k pcs   ada shopee,1
percayalah bukan saya yang ngerubah kamu  one day you will find the right one  thats not me ,1
all about keju,1
well done  good job erina  we are one  saranghaja  haduh nangis akutu erina selalu urutan nomer   masalah vote exo,0
si bejat cabul yang kriminal bicara kriminalisasi ulama  dasar munafik,0
 jalanan lagi tidak well  wkwkwkwk ketawa sama kosakata ini,1
tidak mengerti saya    belum pernah praktek  baru ikut grup whatsapp saja haha,1
earlier  when i was on my way home from  the ojol driver suddenly ask me out of nowhere   mas  suka bola tidak    and surprisingly  i was capable to give bare minimum banters like    oh indonesia main lawan mana     memang kualifikasi piala apa     wah lawan thailand ya  susah tuh ,1
we are not that close untuk pergi bersama  baru kenal berapa lama aja udah ajak ajak pergi  tidak suka sangat woiii  udah begitu ngebet sangat pula,0
not bad tum   tadinya saya kira bakalan aa uu tapi lancar juga  tanpa teks pula nilai   untuk segment pembuka  ,1
well    kartu cuma pake ktp is a great idea  saya   temen teman pernah ngobrolin itu sudah lama sangat,1
top    questions that annoys people  mas password wifi apa ya,0
jateng    m demi persatuan why not dari pada seperti suriah perang saudara  kamu tidak nyinyir    jt bambu di bundaran hi untuk apa  ,0
not bad sih sepertinya hehe  teteh gimana harinya ,1
bangke   fuck this shit    ,0
waalaikumsalam  not really ,0
i mean  ada yang merasa baik baik saja dengan responsibility nya  tapi kadang aku sendiri merasa kalau bebannya way outweigh the privilege  entahlah  says i am still immature in some way     menyebalkan tidak sih  ditolak dengan tanpa kejelasan  like being told not to use our rational mind ,0
  ruas tol dalam kota jakarta as well,1
ingin indomie with telor but males cook nya hahaha,0
ready in stock      brand new    schecter japan bh  std    trans red include original hardcase  kabar gembira guys  sekarang schecter japan  telah hadir di ,1
sepertinya yang no    salah rekap deh mas  not breaking down ,0
when you setidak percaya itu sama orang lain  ,0
kamu adalah sosok  her  dalam kutipan  the only thing i ask of you is to hold her when i am not around  di lagu dear god   setidaknya dulu ,0
i am  tapi jasaku not only for sex seperti di video ini    saya menemani my partner kind     untuk ngopi ngobrol jalan   izin rt   thank you suhu,0
mungkin sama komentar nya dia waktu dapat gelar santri terus tidak lama jadi ulama    it is not a good example definitely ,0
not yet tapi sudah masuk list  list filmku masih banyak  ngantri  mau nyicil sekarang tapi error indoxxi nya  ngeselin haha,0
i was so triggered  i tried my best to calm down  i fought hard not to say anything  tapi make up   k sebulan ya lebih baik kerja aja tidak usah kawin kalau yang tersedia laki model begini ,0
i am not gonna fight your war  i am gonna end it saya lagi suka ngomong itu niihh,1
tidak enak lagi kan  coret saja tempat itu sudah  not worth your money dan capeknya ke sana ,0
not sure  ada area di lantai atas tapi tidak sempet nanya kalau ada non smoking huhu,0
nih saya muncul  coba kenalannya sama yang ini  gampang akrab tapi jangan harap sikap yang manis dan cute gitu ya because i cannot ,0
ada ribut ribut apa ini    need some friends who are willing to send me memes on daily basis,1
well    mau melupakan tesis sedetik mana bisa    bangun tidur yang dilihat begini  begini  begini  iyaa  mmemang aku tuh orang nya harus melakukan apa yang dilihat  semua harus dilist  biar teratur mana dulu yang mau dicapai heheu  tapi sad ya banyak sangat mau nya kaya perusahaan start up  ,0
qiansha bukan meminta untuk dikasihani     orang mah gitu  dia cuma lihat luarnya saja   ujar gladys memulai   yang penting kamu jangan lupa yang paling tahu keadaan kamu ya diri kamu sendiri  you did well  qi   ,1
endingnya kirain si taeyong eh ternyata uri fullsun  oh my god fullsun is back huhu im not readyyyy,0
youngk cant you please    dying sama improvisasi nya,0
ada yang twitter nya kaya saya gini  twitter not responding        fighting fams     rt     vote  do not stop pls    ,1
user keparat,0
mohon tampilan website di mobile diperbaiki  susah sangat pilih tanggal dan back ke halaman pilihan kantor imigrasi tidak friendly used mobile interfacenya  aplikasi di appstore juga tidak ada,1
handcream jp    k   photo set carland   k   tc ideal cut final scene   k   ada shopee juga ,1
ok kak  silakan infokan nomor internet via direct message   agar kami bantu cek lebih lanjut kondisi koneksi jaringannya saat ini dan jangan lupa follow back kami  ditunggu konfirmasinya  thanks  micky,1
wow aku nya sih okay  kalau dompet not okay,0
sebenarnya kasian sangat  dia juga cari duit tapi malah dilakukan begini sama penumpangnya  memang sih  disatu sisi kamu pun juga ada urusan but at least give him some money,1
 hal hal  kecil  yang kita anggap remeh  seperti gampang bohong  gampang marah  bisa jadi sumber petaka di kemudian hari  if s he wants to change  good  if not  will you be their superhero   ,1
sudah tidak ada gorengan lagi boss,0
and   lagi  saya kemana mana selalu hoodie an  terus ikat tali hoodie kepala juga supaya tidak lepas  ya segini nya saya  sekali nya tidak pakai hoodie berasa telanjang padahal masih pakai baju  duh kebiasaan ku,0
bajingan homo    hati hati terhadap anak anak kita terutama di kamar mandi laki laki  jangan biarkan sendiri ,0
sakit nder  soalnya semarah apapun atau sesantai apapun mamahku tidak pernah segitunya sih  tapi ya balik lagi ke keadaan keluarga masing masing  kalau kamu okay dan mamahmu slow  ya why not ,1
terus tiap kalimat kedua yang diucapkan harus berisi konsep filsafat  not my cup of tea,0
not talking about the political content  tapi konsep kontennya sendiri keren lho ini ,1
and do not foranget she wears high heels  waktu itu mba suran high heelsnya lumayan tinggi    cuma ada kali ya  ,1
fokus sama pesan pertama n utama mamaknya   jaga sholat  good luck yogi ,1
ini kalau di hitung hitung  kubu    keluarin berapa kartu buat narik dukungan rakyat yah       aja udah banyak kartunya  sekarang nambah lagi  we need concept  not cards,0
follow back cepat,0
user sirik aja nih onta,0
last but not least nih rekan buana     sapa dosen diluar kelas ini terlihat muda loh rekan buana namun masih banyak dari mahasiswa yang malas melakukan hal sederhana ini karena takut maupun sungkan dengan dosen pengampuhnya     keep streaming only on,1
well guys  semesta selalu adil untuk memutar roda kehidupanmu  biar kamu ingat apa saja yang pernah kamu lakukan dulu  mungkin sekarang adalah salah satu balasannya   ,1
well  sekarang banyak yang percaya sama the power of  terbiasa ,1
sudah siap siap istirahat kah  hari yang menyenangkan nih  well tak lupa ya rasa syukurnya selalu naw segera istirahat gih esok show   ada apa ya  good night,1
kesel itu when you uda ngantuk mau tidur tapi tiba tiba laper,0
langsung mention orangnya dong zak  pengecut sangat kamu,0
budayakan membaca detail sebelum chat yaaa as written on my bio aku tuh exclude  dan please i am not a bloody tradisonal market  so no nawar nawar,0
titik temu tapi panas kalau siang  sleepyhead is not bad either,0
pak cawapres bicara soal startup ada        perbandingan yang digunakan adalah industri startup di iran    i kid you fucking not i am not making this up  only in indonesia    sekali ini penontonnya aja bengong ,0
it is not that hard kak  nanti juga terlewati   ,1
kroasia itu kafir tau untuk apa belajar sama kafir sudah lupa sama kaveling surga   ,0
kebab dibalik babek  mirip bebek   bebek bahasa turki dari bayi   coincidence  i think not  ,1
masih on going saya mah,1
ada       ektp saya dah pake chip    waktu itu pernah ke dukcapil  ambil nomor antrian harus nempelin ktp ke mesin    bppt juga sudah bikin alat untuk nge detect chip ektp  cari di youtube deh  akun resmi bppt     lu bisa cek sendiri ektp lu udah berchip or belum pake nfc di hp ,1
 just because i punched the walls  does not mean i will punch you  jadi tidak perlu khawatir   key menyungging senyum tipis sambil memasang helm dan menaiki motornya    yuk  ,1
pernah punya temen fake dan pencitraan nya sampai bikin mau muntah   well  i have ,0
malam ini  arti sesungguhnya dari kalimat benar benar ditunjukkan para pemain thanks boys  well done  epic comeback  ,1
makasih semua just hit   million follows on insta specially abqars  love you guys so much,1
 well saya salah kalimat harusnya sebelum kata ngobrolin saya tambahin bisa,0
seperti semalem saya nonton run jam    terus ada we all lie nya eh merinding  hahay kocak dah   ,1
posisi negatif nya adalah    tukang kerja yang nyebelin  tukang gossip  dan kalau ngomong suka gede     gaji  well ini dia tapi waktu resign sempet pikir panjang sih  karena sudah nyaman sangat  dan udah dekat sangat sama temennya  tapi saya percaya berarti tuhan mau kasih kerjaan yang terbaik,0
kesimpulan hidup sampai hari ini  very unpredictable and unexpected  makanya jangan percaya sama fortune teller  no one knows whats gonna happen next,1
when hari ini kamis dan di kantor batik day  dan tak sengaja ada orang yang sama persis baju batiknya  fix langsung pake jaket,1
pertama tama saya tidak mau kalian yang baca ini pikir kalau saya itu homophobic or else  itu semua   choice  atau pilihan mereka untuk jadi seperti itu  i am not a homophobic  saya tidak bisa dan tidak mau mengganggu urusan mereka karena itu pilihan jalan hidup mereka yang tidak bisa saya ganggu gugat ,0
isi slot neng yuk open jakarta selatan kemang ya wajib down payment info bo direct message aja or whatsapp langsung oh ya bisa neng di jakarta timur ya isi slot dari sekarang juga bisa   ,0
kenapa sih kamu ketawa mulu  bangsat,0
saya jemput ke ruangannya  memastikan ini benar tidak saya pergi  kira kira begini pembicaraannya   bapak yakin saya ikut training    yes  you are    ini isinya pujian semua   but my english is not well   do not worry   jangan pikirin soal bahasa  nanti kalau kamu lihat juga mengerti ,1
tapi tugasku on going semua yang selesai cuma beberapa,1
when you see this tapi kelakuan kamu masih tetap seperti anjing  aku hanya bisa geleng geleng kepala saja hehe,0
akan ada masanya  when you have pets   nama you dipanggil buat kucing  nama kucing buat manggil you    yup  mama eyke  ,0
secara constitutional hak setiap rakyat woiii     gini nih kalo bingung tapi kelakuan otoriter ,0
baru ngeh ada web series dari blued yang berjudul bianglala ini  kemana aje    not too bad kok  plenty room for improvement  tapi mayan untuk mengobati kerinduan web series tentang dunia lgbt di indonesia  always love sunny soon yang sipit gemesin itu ,0
ngapain di retweet sompret,0
with you all      talking with friends about perfect timing  but i think everything is perfect in that moment      i enjoy the feeling of the fresh air on my face and the wind blowing  ,1
buat yang nungguin after credit kedua nya capt marvel mening gausa not worth your time,0
not cuma ada    tapi bisa bikin berjuta  melodi  sama seperti kita  cuma ada dua  tapi bikin dunia jadi warna warni  teens_abel,1
katanya sih perempuan bakal suka sangat sama laki laki yang  loves his mom a lot and doing everythings for his mom   and but the reality        aku lagi mimpi di siang bolos    hahaha  bangun bangun dasar pemalas   ,0
well  today is a good day  masak  nongkrong cantik minum es coklat  ke peluncuran buku baru sapardi  ceritain my bestfriend s love story about him  masuk tv ui  dapet hadiah  dan ngabisin sore baca buku baru di danau ditemani kicauan burung dan sepotong senja,1
minta maaf for what  karena sudah hapus nomor dia  itu kan hak kamu untuk hapus or not  yash  kangen selalu ada tapi sebaiknya untuk saat ini pendem aja  kalau suatu saat hubungan kamu sama cowo tersebut sudah baikan seperti temenan normal baru deh becandain bilang  aku kangen kamu tau ,1
eh ya sudah ada sampah senator australia manasin kompor benci sama muslim  zaman saya di sana ada pauline hanson  ngomongnya dulu belum benci muslim  benci orang asia   they should now be allowed here  we were here first   diketawain aborigine,0
bingung nonton five feet apart atau ini dulu   atau why not both    ,1
rich kids and instagram star who owns restaurant in nyc also partied with,0
menemukan caption orang posting kamera film nya   buy film not pixel  nah kamu habis selesai foto didevelop terus di scan jadi nya apa  pixel goblok,0
when you akan lakuin sesuatu yang penting pagi pagi but you tidak sholat subuh rasanya udah gagal dari awal,0
dia terlalu suka debat  saya orangnya slow  if i did something yang dia tidak suka  dia bakalan memulai perdebatan yang melelahkan dan saya akan langsung ok  i am busy  let us talk later udah saya diemin ,1
saya juga pernah terganggu dengan kejadian ini  terus saya minta untuk ketik lengkap well setidak nya  assalam dongs,1
this why  bertebaran worker cina  ktapi buat cina  banggakan infrastruktur hasil hutang cina  melek wooi meleeek  ,0
 saya   sampai kapanpun mega proyek  karena hanya akan yang tentunya    believe it or not   ,0
nder  heyy kuat yuk  dikasih luka sekarang itu  berarti allah memberi space buat kamu untuk mencintai diri kamu sendiri  perbaiki diri kamu  karna aku yakin  apa yang direncanakan sekarang sama tuhan itu pasti ada alasannya  its ok not to be ok  direct message ku terbuka kalau mau curhat  semangat ,1
babi fillet enak not bad lah tapi haram   ,1
hahaha salah has been selfish and greedy  unsur unsur muslim yang baik sudah tergerus pada diri salah akibat sombong dan tidak pernah selebrasi sujud lagi,0
well defined  antara iman kuat sangat sampai tidak bisa kena gangguan mental dan gila beda tipis memang   karena ada norma yang berlaku di sosial  who the judge  the people ,0
wow    elektabilitas yang terus menurun hingga dibawah     sebagai petahana dengan berbagai keuntungan yang ada sementara waktu pilpres masih   bulan lagi     it is really not good,0
you are not alone  chill  ambil data sebulan  ngerjain sebulan  waktu sisa   bulan lebih  ,1
beritanya dihapus ya       not found  ada yang rekomendasi atau kebakaran janggut kah  ,0
merusak schedule saja kamu  katanya mau datang teknisi ke rumah dari pagi sampai sore ditungguin  kacrut dah ,0
if it is not for woo joos family  i would totally ditch sky castle  kerjaannya marah marah mulu sih  ibu ibu yang rambutnya panjang juga rasanya ingin saya tarik mulutnya  julid mulu     ,0
not to mention  pernah ada masa di mana tiap pagi sarapan saya adalah martabak tahu dihancurin pake boncabe level    lada   kalau yang ini  andai balik ke puri imperium saya tetap bakal khilaf sih keknya ,1
akhirnya bisa juga bikin not balok sekalian not angkanya     jakarta  indonesia,1
padahal yang butuh dia yang tidak ontime juga dia  yaudala bye motherfucker i am going to sleep again,0
buat pengusaha seperti saya  tidak semua menguntungkan  tapi jika kita berpikir systemic untuk negara  why not  ,1
ingin bersanding  tapi kamu not responding ,0
 hai put  put apa nih  put your hands up ,1
kalian pake skincare apa aja  sekalian foto skincarenya dong  ini skincare aku  mager fotonya  jadi begini aja yaa  tapi next aku mau coba skin care dari klavuu  karna ada beberapa review  dan itu not bad untuk tipe kulit kaya aku  ,1
gimana mau tidak sayang hoseok  kalau aku nangis  kesel sama dunia dan ngerasa tidak berguna  langsung cari video try not to laugh hoseok vers atau tidak nonton video yang hoseok main suling pake hidung lagu titanic terus diedit itu manjur sangat buat bikin ketawa lagi  thanks hosiki,0
 your not me  kamu straight  you cant judge me  misal suka sama lawan jenis salah dimata tuhan   suka sesama jenis itu benar dimata tuhan  saya akan pilih apapun yang menurut tuhan itu benar  terlepas dari itu bukan adalah hasrat saya yang sebenarnya why  because i love god more than myself or anything ,0
not officially yet  gimana deh  tapi kalau mau cerita ayo  aku baik dalam hal mendengarkan   ,1
jika dia cukup bodoh melepasmu  maka kamu harus cukup pintar melupakannya  life must go on  not to be bodoh,0
morning quotes    setiap yang bertahan tidak ingin kehilangan  bila sudah menjaganya dengan baik tetapi tetap hilang  berarti itu bukan yang terbaik     do not afraid with an army of lion led by a sheep  be afraid with an army sheep led by a lion    have a best tuesday      ,1
you come to love not by finding the perfect person  but by seeing an imperfect person perfectly  sam keen kau mulai mencintai bukan karena menemukan seorang yang sempurna  tapi dengan sempurna melihat orang yang tak sempurna ,1
papa ku kira selama ini saya lagi un  so he acted all supportive and nice  and he found out that i am just having an usbn and it is of course a big deal but not as big as un  gitu  menurut papa jadi kembali lah papaku menjadi normal lagi dengan tidak peduli nilaiku yang penting aku adalah anak yang baik,1
tapi jujur semuanya sekarang kalah sama yang ini    all the ships are going down   love of my life cuy,0
walaupun lelah  semua ini patut untuk di perjuangkan  disini berjuang bersama  marah sedih dikatain nangis jatuh  bangkit  no baper  semua menjadi kenangan manis ketika penonton berdiri dan bertepuk tangan dan berkata  so good well played ,1
pak jokowi bilangin tknnya jangan lengah ya pak  real battlefield is offline not online  selisih suara makin sempit  saya ingin bapak   periode  jangan sampai kejadian pilkada dki ya,1
well  saya belum tahu mau milih capres        tapi saya ngerasa sepertinya capres   bakal menang ,1
ada photography oh my god,1
well wajar  dia punya fisik muka yang dengan mudah orang akan langsung menoleh ke dia  saya yang malah jadi tidak pd jalan sama dia lucu memang karena saya ingin dia pd dengan fisik mukanya tapi malah saya yang malu akan fisik muka saya hahaha,0
oke kalau gitu resign nih  namun siapkah kalian para lelaki membiayai segala kebutuhan dan keperluan wanita  hahaha honestly  it is not my choice,0
om situ kalau jalan ngajak  makanya    nanti tak bantu nawar dah  nek ngagem boso jawi kadosipun saged langkung murah      try to say   awis sanget bu    biasa mboten semonten kok  kirangi bu kirangi    reginipun     ,1
happy birthday buat mama kamu semoga makin cantik  dilancarkan rezekinya  hidupnya berkah  sayang keluarga  wish you mom all the best,1
oh iya lupa salam  assalamualaikum   bridging dikit  i am back tweeps,1
cara lupain nya itu  eror     not found,1
shout out to all my juventini friend   well deserved   semoga tim kita bertemu lagi   ,1
pts  saya sakit apa dok  me  infeksi pts  gimana supaya tidak terjadi lagi  me  infeksi itu bisa terjadi karena   komponen utama diri ibu  lingkungan  dan ada kumannya  theory of host agent environment kicks in  pts  udah begitu saja  me    well surprisingly it took me half of my lifetime to learn that ,0
guys please tell me skz benaran mau ke indo lagi  ,1
menemukan buku ini  punya bokap  pemberian temennya dan dibawa dari jerman   judulnya kurang lebih  kisah kisah hebat tentang third reich dan perang dunia kedua   not fluent in german ,1
timeline isinya si ngelike foto cewe terus  but i am not complaining though,0
kejar setoran memang cukup bangsat  mana rupiah descend,0
dionisius theodore hartono lahir di singapur    november       tumbuh di keluarga yang bergelimang harta  bukan berarti dion bahagia  as the old sayings  money cant buy us happiness    well  sayss what  ,0
case per case basis ya non  karena saya tidak terlalu attach dengan keluarga  dengan senang hati malah  tapi mungkin faktor kerja  bisa dilihat dulu  tidak mungkin downgrade dong  kalau dia anak sultan  why not  bisa rintis usaha  apalagi era      usaha sudah tidak landed base ,0
sabtu lalu di denpasar setelah lombok  keliatan beliau lelah but he did very well     insya allah segar sehat lahir batin prof kesayangan ummat,1
salah  cannot  finish ,0
  poin    ada tenda media     dapet voucher menang kuis    ada karaoke room  why not        sistem registrasi cuma scan masuk  untuk dapet gelang harus antri panjang lagi    ga dapet kipas seperti tahun lalu    antrian stall favorit mengular menutupi stall lain,0
pengen deh ketemu temen lama gitu tapi dulu kasarannya hanya sekedar tahu atau sekedar kenal  pengen tau aja cerita hidup orang gimana  saya percaya sih there must be some insight that could surprise you,1
kafir kamu    ,0
well tergantung  kalau maksud kamu sukses itu bisa hidup enak makan enak kemana mana naik mobil bapak kamu ya oke  tapi kalo bisanya cuma menghabiskan duit  sampai suatu saat benar benar habis  kamu tidak punya skill  apa apa  ada warisan juga tidak bisa mengatur  kamu punya apa  masih bisa disebut sukses  sukses tergantung kamu bukan bapak kamu,0
belom di save  not responding  force close  pas dibuka ga recovered  sedih akutuh,0
pikir sehari sebelumnya mau makan apaan di fjb  akhirnya pilih tahu telor yang well known di surabaya  walaupun antri kurang lebih   jam dan jadinya tidak bisa beli yang lain tapi tidak apa apa saya bangga bisa fokus ke tujuan awal  makasih kecapnya ,1
iya saya terima saya di mute sama kamu  saya di hidden sama kamu  hmm why you lihat lihat insta story saya  hmm kangen ya   ,1
tix id ini semacam nomat a k a nonton hemat is back but in digital way  kemarin cuma top up   rb buat nonton pas di solo kepake cuma   rb  tadi iseng liat jadwal film us dan ternyata saldo masih cukup  langsung sikatlah ,1
what do you do  kalau sudah lama tidak ketemu sama doi karena doi sibuk lagi mengerjakan skripsi tapi doi jalan melulu sama teman teman nya   saya bisa saja nyamper maybe  yaa ibaratnya kamu sibuk karena fokus mengerjakan skripsi  tapi pasti ada waktu yang free buat refreshing   ,1
lmao to be honest i do not see that sih  agak sama aja,1
golongan  golongan mana  saya muslim  golongan siapa yang anda maksud   apakah golongan mereka yang setia dan mengajak orang lain untuk berbuat hina  mabuk  i am sorry  i am not like you  good bye  ,0
habis itu  saya mau cancel tidak bisa karena tidak ada on going order di aplikasi saya  lalu muncul lah telepon telepon dari driver gojek yang katanya terima order dari saya  saya jelaskan kalau saya tidak jadi berangkat  dan mau saya cancel tapi aplikasi error ,1
ini juga yang kemarin dia liat  tapi sih ku yaudah biarin aja dia mau beli or not ,1
coba mulai dari lihat vocab di lagu west  tulis vocabnya  read some books with easy vocab  sumpah it works kalau kamu rajin dan niat  aku pun masih proses,1
yuk  gibisaon era terbaik di tahun         an awal nya silahkan   bekas      gibson usa les paul standard heritage cherry  unchambered      bekas umur    tahun tapi masih ,1
kamu sudah pilih jalan kamu jangan disesalkan  well this is life and you need to choose  bagaimanapun hubungan kalian bisa dibilang toxic karena you already knew he has another lover and that is not you  mantan kamu cuma mau drama  nambah bumbu bumbu cinta kamu  that is bullshit you know,0
selamat brother ridho  belum genap    hari sudah naik   cuma  keep going   ayo brosis  jangan mau ketiggalan  pin d   b    wa              ,1
well  pengalaman ini masih belum disamakan dengan pengalaman kalau sudah padet dan sesak  gua yakin mrt ini akan jadi moda transportasi yang diminati ketika sudah diresmikan karena cepat dan tepat waktu ,1
kalau selfie suka nya metik bunga kebun orang  not etis sama sekali,1
gara gara mas ali info promo ovo cash back aku jadi jajan mulu ini ,1
sekian untuk hari ini  i will be back for vidio and metube  tapi belum tahu kapan  see ya ,1
singkatnya  sudah ada   gelombang upaya restorasi dari si division ini  nah kita main sebagai salah satu agen yang ada di gelombang kedua  kemana gel i nya  they going rosaya  alias membelot   jadi di game ini  selain kamu lawan perusuh  musuh kamu juga adalah agen rahasia yang survive sebelumnya,1
masih ada saja orang dagang tidak kasih tau harga    direct message for price  like  what the fuck  do you want my money or not   ,0
kalau kamu nyamannya kek gitu sih ya gapapa nder  thats not a weird thing kok,1
itu pernyataan bang  because tidak ada tanda tanya di situ,1
ya i used to be like that but i learned that  selama orang itu tidak minta diperbaiki  ya no need to be rude sih hehe takutnya tersinggung  nah ini yang bener malah sok dibenerin  kan gondok saya,0
meskipun suka kalap  wkwkwkwk ampuni hamba ya allah  tapi hamdalah selalu bayar cc lunas tiap bulan  kalau kalap yaaa berarti memang salah diri sendiri  insyafnya buat bulan depan   cc kata saya berguna sangat for someone who cant save money for me  its not good i know but   but  ,1
kadang ingin mencari peluang lain  tapi disisi lain belum bisa meninggalkan keadaan saat ini karena memang udah setengah jalan  feeling like i am not able to compete in looking for another chance   because i still need more experiences here ,0
 dih gitu saja   mana foto nya          sudahlah  thank you temannku  you know me so well  kok  ,1
when you have friends kerjaannya ngeduluin you ngomong mulu  cc  samsolese,0
kamu road to apa   ,1
menang dong pasti sandi   hidup infrastruktur langit   what infrastruktur langit,1
terkes ia wonderfull,1
orang indonesia stupid     ,0
angnya sangat perfeksionis  inginnya segala hal sejalan dan harus perfect   pernah waktu itu di salah satu show dia salah nyanyi in lirik lagu rokkugo terus waktu turun stage mukanya langsung merah terus menangis di ruang make up sampe di tenangin sama taemin ,1
tidak pernah mendalami al quran ya bang    pantesan mulutnya seperti orang kafir bejat hina farhatabbaslaw,0
selalu denger  biar publik yang menilai  publik sudah pintar   well clearly we do not,0
girls protecting girls   wuih keren yaa  mereka saling support   mens protecting girls   modus bangsat ,0
yang ada jin nya itu  nyimpen saya keknya dibookmark tapi bukan thread sih keknya screenshot an gituu,1
aku tim debat sekolah  not so good juga sih  sering masih ada salah  tapi selama latihan awal awal klub  fokus senior aku maksa kita buat terbiasa ngomong sendiri ngomong depan publik ,1
persib weak selalu,0
i think the only person who knows me too well  too well  sampai busuk busuknya pun hanya terlalu banyak petualangan kalau sama dia mah ,1
we age  not by years but by stories   pt  pengangguran banyak duit,1
artinya kalau kamu sejak awal sudah menyuruh bikin sesuatu yang random  mau kita jungkir balik tetap bakal unusable  it is not the interns fault  bilang saja malas supervise anak magang  lebih baikan disuruh fotokopi is quite the extreme  but you get the general sentiment ,0
 get_repost   alakazam tour merah putih gudang garam      thanks to relic management yang telah editing kumpulan video tour merah putih gudang garam      alakazam ,1
wow  so sad to hear that  hopefully all parties can find the best solution   icelandic budget airline wow air collapses  leaving passengers stranded   huffpost ,1
 ah iya  aku fayza  but well known as phey  suka bts sama anime sport   mistery  haikyuu bsd favorite saya    sekarang lagi nonton code guys  kemaren minta recomendation sama komunitas anime di quora  banyak yang sarankan itu hehe  oiya aku domisili bandung,1
nflying rooftop is playing in an indomaret near my place,1
dengan menekan perusahaan tambang dengan target proyek yang impossible  lalu di lelang murah pada antek cina  ntb contoh kasus  pdip mau menang  dasar bajingan ,0
search shoes  not met  susi anggraeni   dede kurniasih ,1
apalagi   kalau godain orang lain  well  aku posesif  rio punyaku    sama   kalau susah dikasih tau  disuruh demi kebaikannya  malah  ,0
jumat include tebet promo lt dari jam    an sampai jam   pagi     diutamakan yang pernah bo yaa   rate lt silahkan direct message wa ,0
been there before  tidak apa apa kak  memang itu benteng pertahanan kita daripada kitati sama orang yang salah  ,1
bukannya susah  soalnya pernah kaya gitu but he s not care haha,0
some of us kali lebih tepatnya  soalnya temen temen saya baik baik saja sama saya tetap main ngajak makan bersama bersama,1
line excuse me i should be the one who said that to you my dear lil brother eh by the way kemarin kan abang datang ke set syuting  terus iseng foto  ganteng tidak ,1
life is like a phone call with a loved one  when it is cut short  we realize how much of it we have wasted   klbseagul  hidup itu ibarat telepon dari sang kekasih  ketika terputus tiba tiba  kita sadar berapa banyak waktu yang telah disia siakan ,0
uh    bakal susah  saya cuma kepikiran c section kalau pun laki laki nantinya bisa melahirkan  there is not enough space between the scrotum and the anus  kalau di belakang anus udah ketemu pantat  man i do not know  anatomy makes my head hurts    ,0
i am not into politics by the way  cuma kasian aja ini dosen saya orangnya baik tapi diginiin sama makhluk tidak bertanggung jawab,0
 saya cabut  ya  jaga diri kamu  saya yakin kamu bisa  duluan  bang arkan  see you when i see you  semoga tuhan iseng lagi nanti bikin kita ketemu    setelahnya  audrey melangkah pelan menuju rumah  meninggalkan segala macam nostalgia bersama arkan di sebuah taman    e n d,1
you re not  kak salka    butuh teman cerita ,1
see  a crowd pleaser   mana itu semua yang komplain soal  this is a family movie   what do you expect  this film serve the purpose to entertain young children,0
timing komedinya bagus sih tapi kadang ada bagian yang menurut saya  ini sepertinya not meant to be funny  tapi ada yang ketawa tuh agak mengganggu distracting hahaha memang pengalaman menonton itu kadang unik,0
apa bedanya donut sama doughtnut ,1
ngeupdate  masih saja sindir orang di status  well  kadang memang otak  hati mulut  tangan tidak sinkron  atau memang tidak ada otak ,0
going all out with your partner cuma di sesi    seseneng itu   makasih tuhan yesus    ,1
thats why selalu males ke cs bank  maunya cuma ganti kartu  buka m banking malah ditawarin unit link ini itu,0
saya benci sangat typo aaakkk my fingers why you  like this typo pas minta approval bos dan aku malu walaupun bos saya tidak peduli neep apaan anjir d sama p kan jauh,0
mashaallah laki saya ganteng amat  nangis saya woy  visualnya tidak pernah bercanda  gans abis  lee donghae sayangku  cintaku padamu  love you to the moon and never back  ,1
mau bilang itu bunga tapi yang lain sudah pada protes  i will give you a bunch of love as well  good morning ,1
ah  memang mesti luangkan waktu buat kemari lagi sambil cuti  tidak buat kerjaan haha  well noted and masuk to do list ,1
ngapain sih spill spill spill spill  memang tidak bisa diomongin berdua baik baik aja gitu  kalau memang sudah sebel sama orangnya ya tinggal putus komunikasi susah sangat  not cool dude ,0
when the night has come   tvri stasiun pusat jakarta ,1
katanya  itu urusan pribadi      well ini bukan cuma masalah duit    tapi  pengisian jabatan di kementrian agama  nya itu jadi pertanyaan besar      jadi ada acara isi  jabatan gitu ya  ,0
tidak mengerti sih saya sama cowo yang pake celana gemes ke mall  not judging  just stating that i do not understand,0
kau tahu  sudah hampir satu jam kuputar ulang lagu ini  kau ingat masa itu    gitu  gitu  cause i will fall for you no matter what they say  i still love you i still love you you will never be alone now look me in the eyes  i still love you i still love you   mikha angelo,1
terus nyala tapi buat speedtest saja tidak bisa server not found jangan suruh saya beli laptop di rumah handphone cuma   baca inbound dulu sebelum balas ya         ,0
strong power thank you infires man lacibolala kkaepjang you got no jams  atelelele you can do it  friends  you can do it tukala tukala tuka tukala lezzgedit respekt ,1
i usually not going to share things about pollitics  and this one is none about it  i think  cuma bacaan yang membuka pemahaman saya saja tentang rakyat indonesia yang  mungkin  memang belum siap menjadi warga negara yang maju ,0
samaa  that and slept on top of my chest  not on the sides or feet  above     saatnya mengajari dia tidur di luar lagi ,0
five feet apart itu kocak dan agak mengesalkan  sama sempat buat mata berkaca kaca juga di beberapa scene  soundtrack nya enak sangat sangat by the way  overall  film nya bagus dan nonton nya hepi karena dapat diskon wkwk   because i am not giving up  i am not giving up  giving up  no not yet    ,1
well cobaanya bisa baik buruk ko       ,1
lagi sakit ditinggal sakit juga  dan ketika saya butuh mengobrol orang orang hilang  well done me and march,0
emak kamu jualan ya  bajingan  anak stripper kau rupanya,0
elitism  isi tabungan bisa juga beli barang yang dijual di mall bling bling tapi ya rasanya tidak worth saja  lebih nikmat makan di nasgor pinggir jalan depan fx dari pada di dalem fx  because i enjoy food  not enjoying paying tax and services ,0
its funny when fans grup a yang bikin tweet party karna anggota grup b pensiun lalu di send hate abis abisan  terus sekarang fans grup b juga mendukung  ih lucu  ,0
lagi nahan buat tidak nyinyir  at least not in public,0
i know this very well  jangan lupa  kita mungkin generasi terakhir yang tiap hari minggu  atau sore hari berdebar penasaran liat kartun favorit di tv  sekaligus sekarang bisa youtubean kalau kangen kartun tersebut,0
   irsyad itu nyenenginnya dia penurut kalau dikasih tau  terima terima aja  i do not know he will do it or not  he respect me as his older brother ,1
hatred does not cease by hatred  but only by love  this is the eternal rule  buddha  kebencian tidak akan berhenti dengan kebencian lagi  hanya dengan cinta  ini adalah aturan yang abadi ,1
reposted from wilson_mci     persiapan vietnam semakin matang  ittin sudah ada dan bisa dilihat di website  plakat sudah mulai terlihat hasilnya  tshirt model jersey untuk vietnam juga ,1
paling tidak bisa lihat anak sebaik dia yang selalu terus terus an dibuly   halooo dia juga manusia biasa   sekali saja lihat dari kerja keras dia yang sudah menghabis kan masa anak anak nya buat negara  tuhan kuatkan dia  kembalikan rasa percaya dirinya agar dia mampu tuk kembali menjadi juara ,1
kan  kita ni syukur ada sources  yang tidak ada itu  sibuk suruh cari part time  some bragged how they did well in university  nahh  at the end nak suruh orang tutup mulut diam terima redha life as a student macam tu  i thought kita kena tolong improvise everyone life  nak      kot  hahaha,0
kamu bilang sayang sama saya  tapi kamu milih pergi sama dia  so  which one should i believe ,0
debat ketiga pemilihan presiden  wakil presiden          kata aja well done   indonesia      kartu sakti anti ribet anti mafia kartu  e ktp ,1
ever has it been that love knows not its own depth until the hour of separation  kahlil gibran  cinta tidak akan pernah diketahui kedalamannya sampai  merasakan  jam jam perpisahan ,1
well  dengan menggunakan id yang mudah untuk memancing para bot mampir stalking ke akun saya di tambah pose badan saya yang shirtless menunjukkan hasil gym belakangan ini  saya rasa akan mudah mendapatkan apa yang saya mau,1
missed calls oleh ryan oakes,0
cowok positive thinking pasti bilang  apaan si  tidak jelas  cowok negative thinking pasti bilang  heh   kamu disuruh siapa kirim kirim begini  pasti kamu salah kirim kan  ngaku saja sudah  lagi selingkuh kan kamu anjing ,0
keberagaman bukan alasan kita sebagai masyarakat indonesia untuk bertengkar ,1
so what  setting di bagian yang reff dijamin kaget   not today sama fire juga,1
hahaha     banci kaleng langsung jatuh kalau ditanya    pakai akun palsu    kalau tidak banci  ya saracen   waspadalah   waspadalah,0
tiap ada masalah dishare ke status whatsapp  why ,0
ehhh welcome back a   sering sering tengokin twitternya  sudah berdebu itu haha,1
udah hampir jadi  malah not responding  tit ,0
you are not alone  saya juga salah satu orang yang pada akhirnya lebih nyaman sendiri karena terlalu lelah dikecewakan oleh society  mungkin taraf kecewanya saya for some people udah sampe taraf kamu mau ngapain saja bodo amat anjing saya sudah tidak peduli lagi mau die juga bodo amat ,0
not lucky brother  penalti saja bangga wkwk,0
div mau ikut ke probably not,0
kapan bisa   some sama kalian hehe,0
 ap  ban cars outside uk schools to tackle air pollution  teachers say,0
buat first time visitor buat saya  harusnya disediain disclaimer  not suitable for toddlers and the elderlies  secara panas sangat dan tentunya tempat duduk terbatas  kasian kemarin liat mereka  pakai sunscreen juga perlu,1
pengen deh ngerestart kuliah tapi maunya dari semester   because semester   masih maba and maba life was suck,0
kalau masalah got mampet di jakarta tidak sampe jam jaman sudah langsung dikerjakan  karena disetiap kelurahan sudah ada team ppsu  kalau masalah ayunan perlu pekerja khusus karena menyangkut keselamatan orang banyak  sekian pendapat saya  kalau ada yang salah mohon pencerahan ,1
been there done that  mantan saya di  unboxing  sama jok sepeda bmx nya,0
  army bombs has been secured  yang mau order bisa ya    k udah termasuk tax  down payment    k langsung dibeliin  buru nanti sold out di web bh nya ,1
during the opening of a seminar i attended yesterday    image of ken yeang  an architect  appeared   my office mate   whispers   kalau habis makan jadi apa  ken yeang    hehe  hehehe  heheheheheilovemyofficematestheyrethereasonistaysane,1
mbak       itu dia memang caper dari dulu  sebuah testimoni yang aku dapet dari orang yang kenal sama dia   jadi whatever happens i just want you to be well and not take this whole thing personally  semangat sekolahnya ya,0
it is not a mountain we conquer but ourselves  edirect messageund hillary  pic by  ikkafatma     terimakasih sudah join bersama    tag  dan gunakan    ,1
not habits   tekanan,0
ngomong kamu dasar ya jelas christian kafir,0
buka earphone eh dengar suara hujaan  sleep well,1
rt user  hari hari makan babi berbentuk uang haram  muka pun macam babi  perangai lebih babi dari babi  politician ronggeng babi ,0
not at all  hanya seorang pencinta kucing,1
i am not oke kalau tidak ketemu mereka pas ulang tahun    ko   ,0
banyaknya generasi milenial yang menyukai jokowi because pemerintahan jokowi mendukung industri kreatif  milenial mendukung jokowi demi indonesia lebih baik ,1
argh gimana cara save gif nya ,0
gitu dong   berani  saya sih berani berani saja jadi penanggung jawab  tapi saya mau sebar dulu ke anak cowonya  siapa yang berani  ketua angkatan no reponse dari awal ditanya  yang tertua juga tidak bisa kasih jawaban  so  i was really glad when you gave  yaudah  answer ,0
i tried to cheer my self up  but it is not working  tapi aku tidak mau berhenti supaya aku bisa bangkit dari keterpurukan     dan   lagi selalu berdoa   ,1
ada selebgram  actually not really sure about she is a celeb or not  but isi feed penuh iklan baju   dia pamer di ig story video  lagi buru buru  nyetir lewat jalur busway  sementara kelihatan di jalur biasa lagi pada antri macet   sadar tidak ya kalau otaknya ketinggalan ,0
any suggestion japanese release mau giveaway apa  go ahead  we are listening ,1
cayang bangeeet  kamu kenapa get well soon ya   kerja jangan capek capek harus inget kesehatan  love,1
dear tim eco  pls fix it the soonest   dari semalem offline  thank you ,1
follow back lah min,1
kemaren paniju paniju ini lagi kentang keju       where are you now nder,1
aku tetap vote jk seperti kemarin  aku tuh yakin ini juki yang galau  ada vibe jelly gitu  lagian ini anak berdua aneh  lagi pendekatan tapi nge spill sama rival  kaya yang cuma buat ngomporin satu sama lain  cuma nebak ya hehe  well ku serahkan padamu saja lah wahai author  ,0
bye bye my hairs   jalan kebon jeruk xiii   jakarta kota ,0
saya sepertinya ngomong diakhir akhir dah  so it is not what i think you are saying then   kalau tidak tinggal jawab tidak gituloh  saya ngomong satu hal tiba tiba kamu bales bejibun dan tiba tiba ada aja yang out of context,0
well  kalau tidak mau ditembak  jangan pernah kasih kesempatan dong  cowok paham jika memang cewek itu tidak bisa untuk ditembak  dan kalau dia ganggu  diemin ajalah selesai urusan,1
buka ig terus di suggested for you ada nama mantan  hmm kenapa harus muncul sih,1
the greater the love  the greater the tragedy when it is over   nicholas sparks  semakin besar rasa cinta  semakin besar pula tragedinya ketika cinta itu berakhir ,1
dom jakarta timur tonton captain marvel hari sabtu habis uambn selesai mau refresh otak hehe semoga ujian nya lancar ya kak wish me luck,1
boeing ceo says safety is highest priority but company charges extra for some safety features,0
era spring day or not today  tidak tahu ahhh pokoknya pas era wings tour in jakarta     ,1
sepertinya memang saya tidak pernah mencintai seseorang  selain diri saya sendiri  dan kemungkinan hal ini yang membuat saya tidak pernah benar   benar berjuang untuk pacar   pacar saya dulu  when they asked to break up after we fought  i will say yes easily ,0
down payment         meet up bersama novi yuk  info rr by direct message   ,1
art is not illegal   pasar tasik kebon jahe  cideng ,1
semangat siang   done  sosialisasi pengelolaan sampah kawasan usaha    hari ini dunia usaha wilayah jakarta utara   jakarta terus bergerak   semoga pembuangan  sampah ke tpa bantar gebang terus berkurang   selalu ada cerita   salam clean and green   wilda yanti,1
masih tetap suka standup comedy  well   tetap nonton dan tetap suka  cuma bedanya sekarang tidak nonton live  tapi tidak berubah kok  tetap support standup  i can forget some people whose hurt  but from others  i cannot forget happiness ,1
yaela isat mah tidak profit  lebih baik tidak usah di buyback wkwk  not worth,0
dear apk lagi trouble kah  kode booking not found kenapa    padahal pembayaran sebelum waktu tenggat dan sudah ada pembayaran,0
wkwkwk kue bandung saya baru tau lol  saya sih dulu tau nya ya martabak saja   mau martabak telor or manis ya teteup  martabak   makanya pas ada yang bilang terang bulan saya kira kue chinese gitu,1
semalem saya nangis nonton vkive hyunjin pas pertengahan dia ngomong soft      sangat   terus matanya berkaca kaca  pas dia ngomong  an uroyo    sebenernya matanya seperti mau nangis,1
mungkin sama komen nya dia waktu dapat gelar santri terus tidak lama jadi ulama    it is not a good example definitely ,0
in the future  robot  not document  will diagnosis your disease  dari public lecture pak ronny adhikarya di fkm ui   ayo indonesia harus siap  semoga lewat anak bangsa bisa berkarya  cc  ,1
iu through the night  sama ostnya i am not robot  sumpah itu lagunya kena sangat parah ,1
weak kamu,0
cumlaude s  seni clickbait dan misleading caption,0
it is not a lack of love  but a lack of friendship that makes unhappy marriages   friedrich nietzsche  bukan karena kurang cinta  tapi kurang persahabatan yang membuat pernikahan tidak bahagia ,1
acara yang men dungu kan dan membiadab kan bangsa  mengaji budaya dari muhammad arab buta huruf mengaku nabi  ganti budaya baca,0
maret  bulan nya boros  bulan nya mager  bulan nya baperan  bulan nya tidak produktif   for me,0
well said   semua tahu siapa yang salah kok  tetap semangat,1
youtube   up subscribe like favorite views yuk order silahkan mention atau contact bbm     b   f  wa               ,1
get well really soon koko banyak banyak istirahat ya koooo ,1
chelsea is blue real madrid is white hazard is bored in blue so he wants to move to the white  puisi apa sih nih   ,0
sekarang ada penembakan di utrech  whats going on people ,1
anak haram  bastard  terkadang memiliki derajat yang lebih tinggi karena usahanya  well iya semua orang kalau berusaha  hasilnya akan balance dengan usahanya,1
when atasan terbaik kamu pindah ke area lain  tapi atasan terngeselin kamu dulu malah balik lagi kesini   kenapa tidak pindah pindah itu orang,0
yang tidak pernah marah itu cuma malaikat   manusia mustahil tidak pernah marah   jangan jadi pengecut dan penakut dong    malu sama anak milinial   haha,0
everything went well when i took the more complicated portion  tidak ada drama rebutan qs karena mereka bisa kerjain bagian yang lebih gampang sesuai target bahkan lebih cepat   nah sekarang  karna saya khawatir waktunya ga cukup  trus qs saya dikekepin orang lain muluk  drama deh ,0
get well soon  cuaca tidak tentu  harus pinter pinter jaga kesehatan vien,1
yang mau ngatain atta yok yok louder guys    you not alone  ,0
sandi akan kick off kampanye akbar di sragen  izin belum dikantongi,0
not today hehe lagi kerja nih,1
fitnah fitnah tapi di like juga dasar onta,0
sebelum nya cek resi   hari lalu     hasil nya on process     dan hari ini saya cek ulang keterangannya malah not found   ini gimana ya soalnya barang belom sampai     customer nya sudah mengeluh saja ke saya    ,0
selamat pagi indonesia    ,1
by the way saya naik tj pas makan hehe kalau di singapura namanya trans singapura apa gimana mas  i know it is wrong but urge to me  i am not eating with mess and spreading smell things i am just sharing my opinion and stories,0
apa saya saja ya yang not even care     kamu mau bontel kek asal care itu cowo yang joss wkwkwk,0
orang orang tuh ya kenapasi padahal im trying my best to not being rude atau keliatan sombong atau apalah tapi kenapasi kalian tuh ya ngelunjak bangsat           ,0
jangan salah target bukan ahok    agenda utama lengserkan jokowi,0
pt saya tadi pagi kasih beban terberat saya sejauh ini   kamu pasti bisa ed  klien saya umur    aja bisa  cewek lagi  tiba tiba dia gugup dan langsung buru buru tambahin  eh bukan gitu maksud saya ya  maksud saya cewe  langsung saya potong  relax man  you are not on twitter here ,0
kalau ditarik garis besarnya    suatu saat nanti di alam kematian  sepertinya tidak mungkin manusia tidak diperbolehkan untuk membela diri atas hal hal yang harus dicari tahu dan dipelajari sendiri  tanpa bimbingan siapapun   i mean  we are not like the prophets  right ,0
screening pertamanya di tiff      bulan september kemaren  bayangkan   bulan menunggu nya  jamuran tidak tuh bolly lovers menunggu nya  we cannot wait to watch  please,1
well  si staguf memang yahudi tulen yang benci sama arab,0
ini kemarin bahkan ada yang nyalahin vip yang terutama sering kritik seungri tidak sebagus talenta hyungnya  makanya dia tidak dengerin hyungnya  terus berbisnis untuk pembuktian diri   mannnnn   that is not an excuse   ____ ,0
why not menurut saya mah  orang di kemenag juga kan ada badan badan agama yang lainnya kok  semua agama diurus kemenag  cuma  mungkin untuk sebagian orang kurang etis karenaa disini mayoritas muslim rt   gimana kalau menag nya sekali sekali orang kristen    peace    no twitwar   ,0
kurang lebih begitu saja si  tapi intinya saya capek ketawa mulu dan belajar banyak hal dari semua materi komika hari ini  semoga berikutnya  standupindo bisa lebih well prepared lagi  bukannya tidak bagus  tapi masih ada yang kurang dikit dikit  berkah buat semua  aamiiin,1
well noted  mau liat jisung  doyum  taewoo actually mau lihat ke   nya uwu ,1
lagu when the partys over dari billie ini bercerita tentang muaknya billie dengan kisah percintaan loh  blisteners  dan ternyata cairan hitam yang jadi air mata di video klip ini masuk ke mata billie eilish ,1
not that yowes karepmu mas wkwkwk,0
dan kalau kita berteman sama tukang minyak wangi pasti akan terikut wangi    sebaiknya jangan berteman sama maling untuk bicara kejujuran,1
untuk tata laksana cover obat bisa dilihat pada undang undang  trastuzumab masih dicover bpjs tapi penggunaan trastuzumab untuk stadium   tidak lagi efektif menurut dewan uji klinis  jadi apakah untuk stadium   masih di cover bd dibaca lagi pada uu nya ,1
ketika kamu selesai makan  melihat temen kamu masih makan   menyisakan kulit ayam dipinggiran piring  dengan rasa peka  doi pun suruh kamu menghabiskan sembari curhat kalau dia tidak suka kulit ayam  gass terooss beruntungnya hamba  ,1
subhanallahh   signal telkomsel buat gemesssss    tiap malam pasti ngadat  yoo weslah tak tinggal turu wae  good night all,0
nah itu juga  pada suka asal komen  lanjut sister    i got your back  keluarkan   ,1
well   saya ganti seprai sebulan sekali  terus ganti baju tidur tiap  x pakai sih  entah kenapa sama seperti isi artikelnya    but i always keep my bed clean ,1
not good  not good   maag saya selalu kambuh sejak kerja di sini   stres,0
jam   subuh buat pikir but okay   sepertinya sih bisa  soalnya itu seperti mem pengaruhi indera perasa kita tapi bukan alat gerak jadi kita bisa gerak bebas  well orang disantet masih bisa bangun tidak sih  i do not know man,1
which brings suffering is not a problem in itself  but our reaction when facing it    yang membawa penderitaan bukanlah masalah itu sendiri  melainkan reaksi kita saat menghadapinya  ,1
saya kembali ke sudut jalan itu  dimana itu pertama kali kita bertemu  i am not gonna move,1
i am not perfect  tapi jago bikin kamu merem melect ,0
im not your type  makannya aku cari orang lain ujar dia  selama ini aku bales chat cepet  kamu anggap apa    remahan stiker,0
well   baru saja tengok trending  ternyata instagram down bersamaan dengan facebook   whatsapp,0
based by pengalaman pribadi  dari lumayan banyak pasien ku  iya yang cerita sm velia  selingkuh itu sudah habit  ada salah satu cewe yang ceritain mantannya selingkuh sama cewe yang notabene juga masih punya pacar  well mereka masih jadian until now ,0
anjing kurap ini keliatannya sibuk dengan handphone murahannya  jadi  mungkin dia tak memperhatikan kalau saya lewat   saya pikir aman untuk malam ini  but  its not ,0
yaiyalah  klo ditembak mah bisa mati  v but rezeki pantang ditolak,1
jangan gaduh lahh   kami yang kau panggil cebong sudah tidak butuh manusia munafikun,0
i am not ok   tidak dapat ga ikon dari ko,0
this is real world  not fairytale bedtime  karena jatuh cinta itu udah sepaket sama sakit hati  kalau kamu jatuh cinta tanpa ngerasain sakit hati  itu bullshit ,0
hiii semoga lancar yaa aku yakin kamu pasti bisa  apalagi kalau sudah berusaha pasti tidak bakal sia sia semangat you can do it baby,1
jangan lupa terus bersyukur pada tuhan   ,1
novel harap polri adil proses hukum said aqil ,1
duh chelsea favorite  tapi lagi down  anjir apalagi kalau hazard out dari chelsea,0
tenang yan   kalau sudah waktunya  pasti ada yang ajak kamu kok  sesederhana apapun keadaan nya itu akan menjadi yang terbaik   all is well yan   all is well   jangan lagi menekan dan memaksa siapapun  kasian mereka   itu tidak baik ,1
pakai heattech dan jaket wol di siang hari jakarta raya adalah cara paling mudah menarik perhatian  well  here i am   _ ,0
masih tetap suka standup comedy  well  tetap nonton dan tetap suka  cuma bedanya sekarang tidak nonton live  tapi tidak berubah kok  tetap support standup  i can forget some people whose hurt  but from others  i cannot forget happiness ,1
kamu transgender atau gimana anjing   ,0
kesal sama diri sendiri tuh pas ada anjing anjing komplek diajak jalan lewat depan rumah  tapi awak ga bawa hape huhuuuuu    but at least i got to pet zuma  and popon was furiously happy to have some visitors,0
cebong tidak punya otak  apalagi perasaan sama korban  taunya cuma comment,0
sepertinya ada dua kavling yang depan depanan sama stasiun mrt fatmawati masih dibiarkan kosong   property market has not catching up atau memang lokasi stasiunnya butut ,0
baru saja bertanya  dirinya langsung terbesit pikiran sedikit nakal    vin  mau ke pub tidak  saya penat  butuh tempat buat    well you know me    bukan untuk tujuan aneh aneh  malvin juga sudah tahu dion kan  perihal apa yang dia inginkan jika tempat tujuannya seperti itu ,0
saya sudah bilang jauh jauh hari       kalau mau menang sudah masuk ke stage decision   ini kenapa naikkan tagar ya     lihat    justru    yang masuk ke stage decision    why not prabowo      kalian tidak mau dengar    mereka yang manfaatkan   ,0
klien super baik pingsan karena kelelahan akutu tidak bisa diginiin  get well soon mas,1
balimemorabilia ya  jersey nya keren,1
selalu ada jalan untuk menjemput apa yang kita butuhkan  god give what you need not what you want,1
awas ada plankton,0
sebenernya kalian sama aja sik dengan bilang bahwasannya  muslims  community  are not terrorist  yang mana menunjukan memang hanya sebagian muslim yang terrorist dan menolak digeneralisir  dan juga  most terrorist i have ever heard     yang mana menunjukan tidak semua muslims community ,0
dia makin kesini makin bangsat,0
lagu yang menggambarkan perasaan saya sama kamu  teza sumendra   i want you love,1
it is kinda sad when your regular doctor is not in indonesia anymore  faklah ganti dokter lagi heu ,0
risk comes from not knowing what you are doing    selamat pagi dan selamat bekerja kembali hari ini   i love monday lah,1
okeh    akhirnya nyampe dan sudah duduk dengan cantik disini        dr  heri  ibet want to see you and have some of discuss    jesus leads ,1
susah kalau sudah tidak jujur     i am not signing up for this   ,0
when your friend is your hr in office    kamu ulang tahun ya    kata siapa    kata data karyawan   lha iya bener juga      apa yang bisa aku umpetin dari kamu sister      sungkem ,1
search shoes  not met  susi anggraeni   dede kurniasih ,1
use eyes  not mouth  do not ask a lot  try to find out  bitches          jangan tanya artinya  cari tau sendiri  kentut nyamuk ,0
never ketawa using  wkwkwkwk  because ada mbak mbak which tidak like quotes of the day by anak jaksel,0
back to basic  memang ada aja jalannya,1
damn  mulut mu  zon ,0
jakarta timur  wish me luck,1
iya  nih  mukanya not impressed ,0
eksperimen butter rolls  walaupun ada yang ke lupa stepnya tapi not bad lah besok bisa coba lagi  gagal itu biasa  ,1
cukup sekali di tipu pilpres        buzzer cebong memang tidak dosa kalau tipu   ,0
mainstream  aku anti mainstream   dan berisik sensasionalis gitu  gasuka  sukanya yang tenang dan mendidik  seperti hmm wendover production  jeremy ethier  what i ve learned  dll    beda selera aja sih basically,0
you know me too well wkwk   denc kapan kita kemana  ,1
mulut kamu ya tolong,0
 w n  get well soon untuk writer,1
fase umur sekarang ditanya masalah  kapan nikah  well  i do not give a shit about marriage  i just wanna be happy  i told to my parents like that  and of course  the answer was  bahagia ortu lebih lengkap bisa liat cucu pas kita masih sehat  well  sepertinya ku harus adopsi anak as soon as possible  ,1
jangan lupa terus bersyukur pada tuhan   ,1
ini lagu untukmu    living not dreaming oleh jai waetford,1
it is really over  capek anjing,0
setiap kunjungan pakde kemanapun  tidak pernah sepi dari antusiasme masyarakat indonesia  walaupun gerbong sirkus    selalu mengejek ngejek kalau perjalanan    selalu sepi  mungkin mereka lagi berhalusinasi    well  sukses untuk dalam program kerjanya ,0
mana berani dia  mengaku putra melayu tapi tidak berani    beraninya teriak teriak   kirain mau dibantu sama yang lain    just punch it in the face si ardi koplok,0
hooy ayo bales jangan bisu saja kamu   apa tidak malu di sebut kaum iblis gelar ahli provokator lebih pantas untuk mu,0
some countries banned their airlines from using b    max   but not in us  paham sih boeing lahir disana tapi yhaaa    nyawa orang begitu,0
itu dia  bunuh saja yang didepan mata  dia mafia koruptor nya  penista agama pula  panggilan popular nya babi ahok,0
lando norris merasa dirinya mengecewakan tim mclaren usai gagal meraih poin dan finis di p   di australia  disisi lain carlos sainz junior gagal finis akibat masalah mgu k,0
when your mom menganut niqa memecahkan segala masalah,1
mau punya toko online dalam hitungan menit dengan ribuan produk siap jual didalamnya  modalnya cuma smartphone saja,1
ada videonya di dispatch  dia cuma bilang maaf atas ketidaknyamanan ini well hellooo     begitu doang ,0
okooo congrats malah saya yang cannot hold my tears  alm bapak pasti senang,1
dari semalem tahu lagi emosi mau buka ig tidak bisa  mau hapus something di fb doi tidak bisa  ditambah whatsapp mau kirim gambar susah nemen  parah,0
ini adenya lg ikutan challenge try not to dance  ,1
apa yang membuat kamu harus punya sosmed   waw  its been a long time im not using this app by the way  cuma mau liat liat info sekitar aja kok,0
uuuu well written  oke oke ku mulai mengerti sekarang  terimakasih referensinya  ini tapi baru review   single ya  yang   album ada tidak ya dari jurnalruang ,1
logic ngeluarin album mulu  makin kesini bukan karena doi seneng bikin musiknya ego cuma buat kewajiban saja  his last   albums was not pretty good,0
eh   junho dan taehyun taruhan di antara mereka saja   not a big deal lah  ,1
hadir kembali bulan april         datang ya      jangan lupa lho management perpajakan prepared or not prepaid   in conjunction to a tax audit    april      venue   ibis budget menteng ,1
bonus foto sama pak arief wijaya my former supervisor yang di research gate punya    jurnal paper dan tiap aku email hasil kerjaan selalu dibales  thank you indi  very well appreciated ,1
biasa lah kemaren abis pemilu gitu di kampus terus katanya ada kecurangan  but i do not know hows the real,0
sepertinya begitu tuna    tapi kemaren ada temen saya yang telat ngevote tapi pilih pink  tenang tun kamu tidak sendiri  you are not alone  i am here with you ,1
ya  saya pernah berpikiran seperti itu  dan percayalah guys  nope  having a partner is not helping your own deep personal crisis  kamu sendiri yang harus deal with your own emotion  kenapa  karena cuma diri kamu yang cukup baik untuk kesehatan jiwa kamu ,1
list tempat yang mau didatengin atau kegiatan yang mau dilakuin sendirian udah di list  okey  why not  hehhehe ,1
dih  mengaku lebih pinter dari orang politic  mengaca dulu woy tampang kamu saja seperti orang bego    ,0
berbondong nyobain mrt  dari yang  excited  atopun mencaci  pembangunan infrastruktur dari hutang   ikut menikmati   and am going no where  sahm  trying hard to feed my kemilau,0
urus management agency sendiri aja ini om om masih dianggap tidak becus  which is true  tidak ada fans artis artisnya pledis yang tidak pernah kata katain om   ini  minimal gemes pingin takol hahahaha  sok kebanyakan gaya amat dia kalau lagaknya powerful nyogok sana sini  ada juga dia yang butuh duit,0
anda didungukan dan diperbudak islam brother hnw  allah swt bukan tuhan  sosok dungu dan biadab,0
no    not like that     kalau anda sering hunting bersama  lalu sering baca koran  terasa mana foto setting dan mana dari realita asli    ,0
palm trees  ocean breeze salty air  sunkissed hair  ,1
well i do not know  dikirimin video video alesan dia pen ruqyah tapi tidak ke download because sinyal   yang ee disini,0
syukurlah  duh seneng bacanya  tapi kalau kapanpun kamu merasa regress memburuk lagi  jangan ragu ragu ke psikiater ya   i really wish you well ,1
yuqi memang mainnya bagus sih akhir akhir ini  dan dia menurutku layak untuk gelar juara diatas s     well done bang juki si anak baik,1
capek nonton game of thrones   capek ngecilin volume pas ada scene ho oh nya,0
 bang sandi saya hanya mau mengingatkan bahwa debat malam nanti  bang sandi menghadapi seorang politisi dan bukan ketua mui yang kiyai  do not make your supporters be dissapointed ,0
perusahaan besar itu maksudku perusahaan yang sudah well established seperti toko atau resto yang di mall mall begitu  kawan lama  mcd  pizza hut  matahari  dll   kalau punya pengalaman kerja kamu bisa masuk perusahaan itu lebih mudah  disana jelas kerjanya apa  gajinya berapa  dan ada tunjangan kesehatan,1
benar benar kepikiran  ya allah semoga baik baik saja agar bisa kembali activity get well soon sayang  ,1
well done dek    naw mumpung ada waktu jalan jalan dulu bisa si,1
yang dibutuhkan saat ini adalah tindakan kita bersama untuk stop hate speech baik itu berkaitan sara and stop bullying or trolling  shitposting whatsoever  it is not cool  you never know when the nightmare comes  mulailah perhatian terhadap orang orang disekitarmu ,1
min saya hari ini dijadwalkan untuk mengerjakan tes pukul      tapi kenapa tidak bisa login yang ada hanya tulisan     not found  lalu bagaimana ,0
wkwkw  terus kenapa  kicep sangat seperti putri malu  we have been through sukarno  through suharto  kalau pun yang ditakuti benar terbukti  ngapain takut  lawan  kalau cuma takut si ono kepilih  itumah kamu mau enaknya saja ,0
jangan kamu tanya  apa yang negara bisa berikan padamu  tapi tanyalah pada dirimu sendiri  apa yang telah kamu baktikan pada negaramu      well said   ,1
jangan kemana  kemana ya blistener karena habis ini masih banyak fakta  unik tentang the avengers yang bakalan dibawain sama breaker made  penasaran kan   stay tuneeed ,1
ketika di lingkungan kantor ada yang pake jaket exterminator   i know   i am not alone   ,1
ternyata ada disitu toh  selama ini tidak pernah liatin itu  oh well yasudahlah tapi semoga yang kali ini tidak kena pajak dulu  shock saja tiba kena pajak hhhh tahu tidak kalau mau tulis notes gm di mana   buat tulis npwp soalnya just in case,1
temen saya ini adalah salah satu yang bisa jadi motivasi saya buat selalu maju  karena sudah lama temenan dan it is not going smooth  semua butuh perjuangan  dari jaman susah susah nya kita bener bener merasakan  yang uang pas pas an  jajan di pinggir jalan  belanja di tanah abang,1
    have you wondered   what if we were an item   right then  sparks fly wildly inside palm s mind  knowing that this might be the only chance for him to cross the borderline  kata kata dari gink ke palm intinya mereka tidak mau pacaran karena takut putus dan tidak temenan lagi ,1
selesai di infus dan di periksa dr  sekarang uno masuk ruang isolasi  uno akan dirawat total disini selama   hari  get well soon honey  uno pasti sehat lagi  love you,1
coba belajar untuk menghormati pemerintah sendiri mas  jangan cuma bisa menunjukan watak jelek diri sendiri  not good untuk seorang yang sudah dewasa  pemerintah sendiri kok dikatain  ckck ,0
oke  jadi saudara saudara  never share your own problem on social media because selain social media is not your diary  nobody will truly care about your problem  asal tau aja  kalau ada yang nanya  kamu kenapa  cerita sama saya  contains      kekepoan yang hakiki      nyari bahan gibah begitu,0
menjadi seorang data scientist  why not ,1
woy  boss  kamu mau bilang apa sih  bahwa karena ada orang hina agama kamu  terus si brengsek itu tidak bersalah dan boleh dibenarkan tindakannya  begitu rupanya ajaran kalian  tidak heran kamu junjung hrs,0
ya tandanya dia bokek or something lah wkwk,0
jangan lupa terus bersyukur pada tuhan   ,1
liat film yang lagi on going di bioskop kok tidak ada yang seru ya,0
noooooo  why not july  sedihhhhh huaa,0
dulu  setiap mau tidur ketiduran  pasti muncul notif favorit good night  see you when i see you,1
di direct message sama yang ganteng langsung di bales  di direct message sama yang biasa aja cuma di read saja  di direct message sama akun after minta kirim picture,0
maybe you just do not understand with the definition of justifying  caused your tweet at the beginning seemed like you need some ass answer  by the way  your tweet is spreading hate  sampai ada yang melaporkan milo bagai suh batalkan kontrak  apa ke sakit hati sangat dengan rezeki orang hmm,0
akutu yang semacam feels tired dan tidak bisa on going with situation like this  tapi pengen hangout to anywhere ,0
iya lancar masuk situ sil  pas cek examnya lagi tetapi not found gitu entahlah huhu,0
rt user  ini adalah salah satu iblis betina yang sedang gentayangan dulu calon legislatif gagal  si penipu ijasah palsu  sekarang dia change,0
seperti sudah tidak nyaman dan percaya saja sama dunia percintaan  temen kantor curhat saja sudah tidak ada feel untuk jawab dan kasih solusi  yaelah mbak  you tell me the wrong story   i am a philophobic and never meet someone who had the same feeling  not yet  ,0
waaah seneng sangat ketemu yang sepemikiran gini haha i am not the one,1
well ini semester terakhir ada kelas  semester depan who know  bahkan mungkin ada yang sudah memutuskan buat pp aja  tinggal kompre  up  nyusun  and you will get the real life ,1
    not found  susah memang nonton seokyu   way back into love versi hd ,0
untuk budaya pun hampir sama  meskipun sudah proses untuk indonesia sentris beberapa tahun belakangan  but there is still ignorance everywhere  not only on the government  tapi juga dalam masyarakat luas ,0
eos friends  jangan ketinggalan lusa nanti akan ada road to eos di dengan film pertama adalah  brothers  dari norwegia jam       wib   ada juga kuis untuk eos friends yang bawa teman paling banyak   penyebutan nomor member card dengan random  akan dapat hadiah eksklusif dari kedutaan norwegia,1
    baru buat dua headplot  semuanya angst  ok siap   rae  tidak perlu bahagia bahagia  not your style ,0
kalau ditanya  memang tidak capek jadi gay terus   laah balikin aja  memang tidak bosan main sama memek mulu  sama aja dong  other questions  mau nikah sama cewe tidak nantinya   well  kalau aku menemukan seorang cewe yang benar benar one of a kind and she is the one  why not   jodoh tidak ada yang tahu,0
by the way last sunday was the best sunday ever  ya soalnya bisa ngeblend di rumah pejaten sama semua and still feels like home  thanks for having me guys ,1
jual macbook air md    mid      murah ,1
of course not   absolutely not    makna tidak ada  pesan moral tidak ada  menghibur juga tidak   lebih baik kapten marvel   keluar   rb tidak rugi,0
sayangnya  untuk sementara  akun yang bisa saya ikuti dibatasi twitter sampai ketemu rasio yang seimbang antara  mengikuti  dan  pengikut   hehehe    jadi  harus menunggu ada tambahan follower atau yang sudah ku follow memilih  follow back  ,1
you perform besok apa today  ,1
widiiih  ini admin apa presiden apa capres ngetweet seperti begini   one thing is sure  this guy is battling his own people,0
love refuses to be not the only one  cinta menolak menjadi bukan yang satu satunya ,0
doi representasi dari cinta  loyalitas dan kebodohan   too much pain   tapi tetap bertahan  well     im still love they way he act by the way  ,0
jauh sebelum itu  menurut saya pencegahan jauh lebih penting  well  i do not know  tapi harusnya bpjs punya dana untuk peningkatan kualitas kesehatan masyarakat  tentang kesadaran untuk beraktivitas sehat  makan sehat  kerja sehat and aman  dll  karena sebenarnya penyakit health insurance ya tingginya nilai  ,1
bener aja dong  rata rata yang naik mrt memang trial sangat yang isinya pada foto foto  saya merasa   yes  i am not alone   haha,1
doi prof loh    dan mui bisa dapat laba ya salah satunya dari keahlian dia di ekonomi rakyat    not saying thinga doesn t mean he doesn t have it  ,0
 well  karna kita tidur kelamaan jadi bangun kelamaan   logika tak berkonklusi,0
handbody  hp dan dompet,1
mungkin badannya memang lagi butuh istirahat hope you are well  siap   hari berturut turut zumba lagi,1
seperti semalem saya nonton run jam    terus ada we all lie nya ehh merinding  hahay kocak dah   ,1
 awesome  jawabku tanpa pikir panjang  well  apa sih yang ada di pikiranku tiap kali melihat jeffri  standing on stage  playing guitar  and singing  hot    aku menangkup kedua pipinya dengan tangan  dan tersenyum lebar   congratulations  enam hari will be a big hit right after ,1
saya hilang padahal sudah back up huhuhuhu,0
ok salah   falling in love with people we cannot have   ketinggalan t nya wkwkwk,0
coba psd ke muka saya  hm not bad ,1
balikan sama kamu   idih najis tujuh keturunan dah,0
the most important things to do in the world are to get something to eat  something to drink and somebody to love you   brendan behan  hal yang paling penting dilakukan di dunia ini adalah mendapatkan makanan  minuman dan seseorang yang mencintaimu ,1
hal apa yang paling bikin kamu sakit hati    dikhianati  not about boyfriend ya  tapi dikhianatin teman juga include ,0
menemukan dia di gudang huhu i am keeping you baby   going to wash you first before you join the gang  o_o ,1
terkadang bahkan lebih objektif soal provokatif itu dampak dari sisi negatifnya  semua hal pasti ada all is well cangpri,1
this is underrated twit   hrs rt keras biar sampai ke nih,0
 public transit is too expensive  we are not jakarta    persepsi ini jangan sampai muncul di daerah lain  karena angkutan umum bukan cuma mrt ,1
tulisan yang sangat memalukan  lagi       kewajiban manusia adalah melindungi sesama manusia   siapapun dia       respect is earned not given or even forced    tanpa diminta atau dipaksa   anda akan dihormati orang lain jika memang anda pantas dihormati  ,1
sana jo  make up dulu  malem ini kamu jaga di lampu merah petamburan,0
  tahun lalu he said aku tidak akan jadi budak korporat    well well well,0
well  ketika semua orang menyalahkan saya  ya saya tidak bisa apa apa  padahal kamu cuma liat luarnya aja  tapi langsung ngejudge  lebih baik saya tarik napas yang panjang aja deh           huft,0
saya bisa tahan diri kalau ada debat soal agama  politik  atau masalah ras  yang saya tidak tahan kalau sudah ada cewek jahat ke sesama cewek  menyepelekan musibah pelecehan seksual yang menimpa korban   itu sumpah jahat sangat  blocked them from tl seems not enough ,0
wht the fuck  ini manusia apa anjing mati matian rela jadi murtad demi babi ahok kafir,0
tapi agak riskan kalau di tengah pertandingan ada yang cedera mas brother  jadi tidak ada back upnya ,0
ini wajah islam sesungguhnya  aku bangga  we are not taught to keep hatred  we are not taught to take vengeance ,1
curiga saya menuju kepada kepentingan yang coba dipetik oleh masyarakat well educated pada kesempatan pesta yang budayanya gemar menghambur hamburkan harta,0
well tidak apa apa dah gagal jadi anak keamanan  yang penting sekarang bisa ikut sekdan   ,1
untungnya udah mau transit saya yang seperti well finally dia ke sudirman aku ke depok,1
tapi siapa pun nanti paslon yang terpilih  hidup tidak bakal berubah kalau bukan diri kita sendiri yang mengusahakan nya dan tentunya dengan bimbingan tuhan  well  back to work   ,1
kan itu sampah warga lokal  kalau sudah enak buang sampah tinggal kesana ya of couse mereka tidak bakal tanggep   indonesians and their comfort zone  ,0
rt user  gaya beruk preman kampung  begini kalau mantan driver tembak metromini masuk dpr  kampungan berdebat malah ngajak berantam,0
aneh saja sih  data yang dipake data e ktp tapi bisa ada yang tidak terdaftar di dpt  ini bukan pemilu pertama saya lagi  i just do not get how it works  blows my mind   not in a good way ,0
if you re not happy  leave      any way sepertinya kamu sendiri salah konsep soal perempuan itu ratu no baby we all are the same  perempuan bukan ratu hehehehehehhee  ya ditreat   disayang mmemang harus  tapi ga kek ratu juga,0
the one and only brown jacket  how can i said to you      just wanna play back the time and reconstruct it   yahh penyesalan selalu datang di akhir ,0
agains  hehe  happy weddings mbak dan mas brata  hopefully your family be a sakinah  mawadah  and warrahmah ,1
baik  kak  kami bantu respon melalui direct message  berkenan follow back kami terlebih dahulu kak  kami tunggu konfirmasi selanjutnya  terima kasih  tara,1
sesaat sebelum turun dari mobil pas parkir di depan kafe semalam   kita bawa laptop tidak nih   haha   bawa lah ya   dah siap siap balik badan mau ngeluarin laptop   tidak usah lah  katanya mau seperti couple normal   lalu masuk  duduk manis  pesen latte  well done guys,1
gila ini gemes sangat  jadi kan karena saya gabut sangat  saya akhirnya kembali ke hobi jaman sd saya yaitu menulis  terus saya akhirnya memberanikan diri untuk post di sosmed nih ceritanya  eh ada yang comment tiba tiba  idek your language but i am so going to read it  i ll put it in google translate   ,1
not recommended pakai firstmedia  gangguan mulu wkwkwk  kalau lagi connect sih jaringannya kencang  tapi gangguan seminggu bisa  kali cuy  mana lama   jam lebih  giliran bayar telat sehari denda  rb  kamu bayangin tuh waktu saya yang tidak bisa pake jaringan gara gara gangguan ,0
and penyakit yang belum sembuh sampai sekarang oleh gerombolan kampret bongkrek adalah penyakit panik dan balas dendam akibat kekalahan pilpres     ,0
mending humoris apa romantis   ,1
uwww what a closing bang sandi   god game well played    card for all  tidak usah banyak banyak kartu didompet malah jadi tebel,1
aa kasian get well soon abizar  semangat ibuk jangan kalah virus sekarang aneh dan kuat sangat semangat,1
where we love is truly home  home that our feet may leave  but not our hearts  oliver windell holmes  tempat yang paling kita cintai adalah rumah  rumah dimana kaki kita bisa saja meninggalkannya  tapi hati kita tak bisa melupakannya ,1
agree    tapi apakah mayoritas cewe begitu  some cowo tidak terlalu suka sama cewe yang over posesif   ,0
najis minta sangat saya pukul ya kamu gov,0
tidak percaya sama mulut buaya kamu brother,0
saya miris sih liatnya kalau ada orang yang benar benar itikad minta maaf tapi feed back kitanya malah tidak mencerminkan seseorang yang memanusiakan manusia  please lah  sama sama cari makan dan pahala di dunia saling mengerti saja bisa kok ,0
sebagai seorang bartender  jelas bar merupakan tempat yang paling sering key datangi  buktinya  walaupun malam itu key sedang tidak shift  tetap saja malamnya dia habiskan untuk mengunjungi salah satu bar di jakarta   not that she hates it  anyway  key selalu senang    ,1
orang cerdas dapat dilihat dari kualitas buku yang mereka baca  dapat dilihat dari konten permbicaraan yang mereka kuasai  well     ,1
suka kesal sama diri sendiri  sudah tahu anaknya kepo an masih paksa nonton drama yang masih on going   yaudah deh         ,1
 ngana buka google lalu ketik pdf to word nah muncul web nya di klik lalu upload filenya klik convert tungguin dah jadi word terus di download     jadi deh,1
ada yang ributkan penggunaan kata teroris sama gunman  ada yang ributkan kubu capres ini tidak berani nyebut kata teroris karena bla bla bla  ada banyak so called influencer public figure menyebar videonya      dan ada aku disini  yang cuma bisa bergumam why     sambil scroll tl ,0
cebong tolol tidak bertepi ,0
siang mau tanya channel hbo hd nya ke mana ya  thanks please reply,1
membahayakan  udah saatnya  berkreasi  mengunakan hemp untuk bahan baku pembuatan plastik yang aman  murah  dan ramah lingkungan   karena plastik plastik berbahan dasar hemp hanya perlu beberapa minggu  bahkan beberapa hari untuk terurai   yes  do not panic  hemp not marijuana ,1
chatime australia nyetel lagunya stray kids  coba chatime di indonesia dong ,0
eh benar dia tuh ada something sama aku,1
lol top comments naver vid jima malah lee donsayaook semua   soohan,0
hi crews  kan sudah nih share persyaratan casting dan teman temannya  sekarang all of you tidur dulu gih  masih ada waktu buat ketemu sama kita yang mau join    jangan sampe sakit juga  istirahat yang cukup  because you did it well  i am proud of you all ,1
ok ok  akhirnya not unbeaten,1
wkwkw it is not about that   senyumnya itu loh judes judes manis,0
not cuma ada    tapi bisa bikin berjuta juta melodi  sama seperti kita  cuma ada dua  tapi bikin dunia jadi warna warni  teens_adel,1
when aku denger lagu bangtan auto joget bangsat ,0
putar goblok  anda jangan bikin saya emosi ya ,0
tidak mau coba coba  mau nya yang pasti pasti aja,1
admin tolol di partai tolol and partai tolol untuk orang tolol,0
keep sabar sister  akun back up aku juga udah lama tidak bisa dibuka  kalau mau masuk ig selalu minta password baru terus pdhl aku tidak pernah ganti ganti password ,1
sekarang juga gapapa not  isi wishlistnya cuma   kok,1
daripada saya terpapar toxicity  ikut ikut an mengeluh  makin merasa hidup itu penuh beban  well  everyone has their own battles to fight   lebih baik saya uninstall saja  sesimple itu guys  intinya  be kind to your mind,0
all is well pin  cerita aja semua yang mau diceritain    insyallah jadi renungan untuk yang baca juga  ngomongin esensi hidup dan merenungkan semua hal  sepertinya lumrah sangat tidak sih diumur umur kita sekarang ini  hug,1
saya tidak ikutin gimana kasus mereka  yang saya tahu selintas mereka cerai tapi tetap harmonis dan anaknya tetap merasakan kasih sayang kedua orang tuanya sekaligus  contoh yang baik   broken home is not broken kids kalau kata deddy corbuzier,1
 i also have a surprise for you tonight  kira kira surprise nya apa hayo ,1
ya kalau kamu mau memperjuangkan dia sampai belok juga sih ya tidak salah  tapi ada kan cerita orang belok yang suka sama straight tapi hanya dipakai saja habis itu dibuang  well choose your act wisely saja sih,1
i am at universitas persada indonesia y a i in jakarta pusat  dki jakarta ,1
scandal hit korean air chief forced off board by shareholders ,0
aku wkwk hanya kalau dibiasain memang bahaya jadi suka pikir yaudah lha tidak orang yang sempurna selama kurangnya masih bisa ditolerir i try to not ill feel,0
kan  acknowledge ini real issue  memang ramai ikat perut  tidak ada bilik proper  kawan i dulu um after ptptn left rm    for   months  so basically parent bagi belanja  he is lucky  but yang tidak ada source  janganlah nak hentam rata iphone  tengok wayang bla bla  they are not  and exist ,0
amal clooney tampil bak bangsawan menggunakan jumpsuit one shoulder ,1
guys vote dong kalian tidak gemes apa liat gap i just voted for exo in the   th annual the largest international awards honoring the best in korean television and music  join me ,1
eaa ke impulsif an aku kambuh tiba tiba mau nonton captain marvel lagi,1
baik kakak  akan kami bantu respond via direct message namun sebelumnya berkenan follow back kami terlebih dahulu  guna kami bantu infokan detailnya  kami tunggu konfirmasi selanjutnya  terima kasih   raina,1
sialnya  benaran jadi tambang duit tuh anak anaknya  lalu gen z jadikan mereka panutan  karena bisa cari uang gampang   well  mungkin saya terlalu kolot  tapi ya anak anaknya yang masih kecil itu kasian  ,0
zach sini join zepes,1
 kegenitan generasi tua  wow jadi kamu bilang saya genit  well at least some generation can take jokes   but maybe not you,0
and the fact is that this simple thing happened in my family  dan tetangga masyarakat accepted ko  not pout  mungkin tetangga saya lebih open mind wkwkwk iyasih tiap isi kepala beda beda  pendapat berbeda  balik lagi ke pribadi masing masing mau nyikapinnya gimana,1
anak pertama usia hampir   tahun tanya  adek bayi keluarnya lewat mana    untungnya saya sudah baca baca dulu jadi intinya jawab aja apa adanya secara ilmiah  di luar dugaan  she accepted it very well,1
haloo   manis    follow back aku  yuk  dijamin tidak bakal nyesel  deh ,1
i am back  ,1
sepertinya dia selalu muter muter tentang law case is not that easy  pokoknya dia semua lah yang paham  orang lain mah goblok ,0
when you tidak ada kerjaan tapi sebelah kamu persis bos kamu persis mepet cui ngapain ya aku,1
first of all  semua lahir dengan perangai baik  semua bergantung kepada dirinya  mau lingkungan seburuk apapun  mau keluarga seburuk apapun  if they have well self control self filter they will be a good person  it depends on them  mau jadi orang seperti apa mereka ke depannya ,1
aku juga gitu nder saking nyerinya sampai muntah  but take a painkiller is not good for your health too  coba olahraga deh  yang ringan saja tapi tiap hari  aku sejak rutin workout sudah tidak nyeri lagi,1
ini hanya polling iseng  well  kalau ke mcd lebih baik aku beli apa ya ,1
ke what is good malah jadi not good  haha apasi apasi,0
potret sjw yang tidak well informed,0
setiap jumat biasanya saya posting   tapi pekan ini skip dulu ya    reposted from    and do not say that whose is killed in the path of allah ,0
are you not entertained         terus nangis menyesali nasib ,0
aku selalu ingin jadi pendongeng    buat apa    ya biar jadi pencerita yang baik lah buat anak anak kita kelak haha   you are not a story teller shin  you are totally a mendes please kurang kurangin    oke mas  selamat hari dongeng     ,1
saya mau protes  saya pesan gocar  saya back tidak saya cancel  kenapa semua hilang  gopay ke potong   ribu dalam proses kosong historis kosong,0
subhanallah  a real  hu man  a real muslim  able to forgive  not to hate back  something that we all must learn  forgivenes      suami korban teroris selandia baru maafkan pembunuh istrinya,1
ketemu tipe emak emak tukang sirik  dendam  benci  dan iri   diemin aja  gus  nanti juga kena karmanya sendiri  you re not on her level ,0
itu dia abis melakukan nazar  kalau dia jadi member of the month dia bakal ngeplot itu dan ts jadi atta halilintar   hari  d,0
alonsoooo  masyaallah deh  emerson is not even on the bench   mau bilang fokus di europa leasaya aja tapi yaa gimana mainnya masih suka lawak begini,0
last but not least  sahabat dengan namjoon  best friend material sangat  ,1
entahlah  menurut saya setiap individu punya kemampuan intelektual yang berbeda beda dan tidak bisa diukur dengan satu quantified standard yang sama  just because a person is not good at math  does not mean they are stupid person  tapi sistem pendidikan yang sekarang seperti begitu kan ,1
bodyguard series is not bad  jalan ceritanya tidak ketebak  masih penasaran siapa yang baik siapa yang jahat,1
sudah episode   tapi ini masih abu abu sangat hadehh inilah disaat saya tidak suka drama on going,0
di early recovery assitance jokowi widodo perikanan ri strata satu di association of southeast asian nations ,1
isinya cukup menarik  ada cerita cerita  foto  bahkan dokumen  headline berita  pada waktu itu   disclaimer  this is not a right wing  nor a nazi propaganda,0
manusia manusia sampah bisanya cuma kek gitu  there are not human being ,0
kacau guys rusuh ini mah bukan project going crazy tapi crazy fangirl tolong itu hyunsuk saya lecet sudah ,0
well yang lain pada mainan saham apa daya saya cuma bisa main hago   ,1
baik kak  kami sudah bantu tindak lanjuti dengan no reference dari laporannya  silakan follow back kami agar kami dapat infokan via direct message  terima kasih  isal,1
jadi orang orang yang marah karena merasa tertipu oleh janji janji palsu jokowi juga bakal di laporin polisi satu satu nih  dasar gila ,0
lawan kantuk and flu untuk vote    why not     ,1
you not alone  because ku nonton debat,1
it is kind of weird while you chat with someone your not really past  terus dia entah pura pura atau memang tidak tahu dah beneran apa tidak lupa dan menghapus kontak   emosi ,0
tapi kalau aku menor yaa     pake speaker jingjing  ,0
apapun  pasti akan reda juga  do not ever be afraid     diarydelima,1
salah satu hal yang kadang bikin nyesek adalah  pretend that we do not know whats going on,0
   tahun   x runner up di kelas s     not bad laaah  masih perlu banyak improvement  pasti bisa minimal   gelar tahun ini  thank you rinov pitha,1
please do some magic  god  saat ini ibu saya dirawat dan hb      beliau butuh     cc golongan o   anak  dan suami semua golongan darah b   jika berkenan  saya tunggu di rs fatmawati  hanya butuh   pendonor golongan darah o  domisili jakarta selatan untuk mempersingkat waktu,1
hello again  jakarta   the grey and macet city   always be back here  biarpun bagaimana  haha    maaf bahasa jaksel gadungan  sudah pas  belum   ,0
selamat pagi    memulai hari dengan mendengarkan lagu lagu favorit dari soundtrack film bollywood    these are some of bollywood soundtracks i play on repeat on spotify    kalian punya bollywood soundtracks favorit  tak ,1
shopee apa deep web ini ,0
i want to be a writer or painter soon  pengen menyalurkan ekspresi aja lewat menulis menggambar since im not really good untuk mengutarakan perasaan sesungguhnya  then i want to have my own exhibition  share everything dari sudut pandang saya,1
geram sangat saya sama margaret something itu hhh sepertinya memang dia penganut cult basis kpop,0
when i am at my lowest  i do not miss anyone but my grand father  because back then  when i am tired  he always said  mandi pakai air hangat biar badan kamu kaya dipijit karena kamu capek    i miss you,1
mutualan ayo kak   by the way  thanks for this giveawayy  ingin sangat pc taehyung uwuuu,1
udah tenang saya bisa lihat yedam senyum yang penting dia tidak apa apa  his smile that enough for me,1
   selingkuh  main di luar   miris  kenapa  biasa yang cerita begini  suaminya tidak kerja uang tidak seberapa eh malah sok selingkuh   ya memang saya cuma denger pov si istri yang mungkin dilebih lebihkan  tapi tetap saja  main di luar   selingkuh is not a good thing to do ,0
stop panggil dia buluk  pliss lahh    seganteng ini pada panggil dia buluk lah  malika lah  hellaw  where is your eyes  his talented boy ,1
nyari saya di ig  hmm am not exist ,0
invest on culture   saat dengar itu yang terlintas pasti free snack setiap lunch  fossball sepak bola meja  ruang main game  bantal duduk  wallpaper kantor warna warni  itu perintilan  orang orang ngeskip bagian terpenting  manusia itu sendiri   great insight from mr  gary vaynerchuk ,1
when overheard krl jadi trending dan banyak yang buat ketawa  saya yang sehari hari overheard busway cuma   semanggi lewat tidak mas    jut   song   pluit grogol   laki lakinya tolong kebelakang ya         rus ,1
jawaban nya kangen or susah lupain wkwk,1
ini apasih university ini nge down mulu cacat sangat kesel saya,0
    orang yang spesifik  dan segerombolan orang yang tidak spesifik tapi bisa terasa dari perkataan dan tatapan mereka  well  bisa dibilang  lingkungan di masa yang lalu  ,0
not even jesus can save you kenapa sih,0
thailand urged to declare emergency in chiang mai as air pollution hits disastrous levels  se asia news   top stories,1
really like dia outfit for mucore today  merah putih tinggal di gerek,0
saya suka heran sama yang upload sg terus ada tulisan yang kecilnya kaya atom  gimana woy bacanya maksudnya apa   share setengah setengah lebih baik tidak usah update to yaa     ,0
not really ehehe  mungkin kamu belom menemukan sahabat yang sebenarnya,0
sekarang baca konten tumblr kok cannot relate ya,1
multi level makelar  ada  up line dan down line  ada korban juga pastinya,0
that is it  semua orang itu punya sisi bejat sendiri  tapi beberapa memang sangat bajingan sih  well i am not perfect so    yaudahlah tidakmau membenarkan juga karena mereka memang salah  semoga cepat sadar ,0
moto g s  not bad juga kameranya,1
now they drag byeonggyu as well     ku sudah khawatirkan circle nya jonghyun dari jjy kena ,0
well sebenernya masih banyak loh orang orang disekitar kita yang    gimana ya ngomongnya    masih  gaptek  lah ya  tidak mengerti fungsi smartphone untuk apa selain untuk wassap sama main fb gitu  yang tidak pakai pikirin lagi apalagi sampe searching sebab akibat dari perbuatan dia apa gitu loh   ,1
first love ku di dunia fangirl sih  d sama  sos ra terus sebelum belok ke wanna one ke austin shawn cody gitu  aku cuma tahu saja sih magcon tapi tidak mengikuti sangat hehe,1
yang goblok itu adalah bani cebong tukang tipu penjilat penguasa yang ketahuan gerak in masa yang dibayar pakai nasi bungkus  propaganda nasi bungkus memang selalu gagal ,0
saya masih bingung ya  kirain fresh graduate saja loh yang banyak tidak paham etika kirim email   sekelas  yang menurut cvnya   senior hr executive   mengirim email masih saja tidak pakai subject  tidak pakai body email    asal aja tuh attached cv   i just cannot           ,0
tapi iya juga sih sebenernya  you do not have to say sorry  you re not that wrong  itu saya nya aja yang memang lagi moody an mungkin  jadi gampang cranky  hehe but i appreciate kok ,1
hahahahahahaha gondes  saya juga    yaampun gondrong ndeso aku   but we are not in relationship  ,0
dia sudah tersangka can you guys chill ,1
without love intelligence is dangerous  without intelligence love is not enough  anonymous  tanpa cinta  kecerdasan itu berbahaya  dan tanpa kecerdasan  cinta itu tidak cukup ,1
agak sedikit bingung ngeliat orang orang kaget ngeliat tz ngomong gitu    isnt that aligned well with his speech all this time ,0
ada sirkuitnya kan untuk ngedrift atau latian aja  kenapa tidak cobain dulu  tidak mungkin kan ditilang disitu  sepertinya banyak juga loh yang penasaran  why not   ,1
without love intelligence is dangerous  without intelligence love is not enough  anonymous  tanpa cinta  kecerdasan itu berbahaya  dan tanpa kecerdasan  cinta itu tidak cukup ,0
i am at one belpark xxi in jakarta selatan  dki jakarta,1
yeay  stay true to their root mmld      ni kalau ada yang ngedije disambungin sama lipstick nya oracara kena bat nih ,1
ada hologram dvd pc sama  cut season greeting yang unit   take all   k aja  free toploader  no shopee ya ,1
jeffri bergumam lembut  entah setuju atau mempertanyakan objektivitas pernyataanku barusan  but yeah  who cares  aku tidak terlalu mem pikirkan nya  karena sekarang dia menatapku dengan intensi berbeda   well  not here  jeff  ,0
waktu kita tuh kapan sih  dari dingin nya subuh dan adem nya maghrib aku sibuk kerja  malam kamu sibuk main the sims hadeh,0
as simple as sholat nomor satu presiden nomor    ,0
pengangguran kek saya cannot relate bangsat,0
 kegenitan generasi tua  wow jadi kamu bilang saya genit  well at least some generation can take jokes   but maybe not you,0
open trip winter in osaka   kyoto   shirakawago by singapore airlines          januari         only      juta pax  start from jakarta  minimum pembelian   pax    down payment rp     ,1
get well soon sender aku pernah ada di posisi kamu  sering deh ,1
aku sangat  sering nggit seperti ini wkwk  not once tapi benar benar so frequent  it just happens  ,1
oh my god   creep   itu instagram dia ,0
kamu tim bulat apa datar win   hqhquahaha,0
chinese people    tidak jauh jauh dari hobi zina   haha,0
tidak ada persatuan dengan para pki  silahkan rekonsiliasi dengan cebong yang dungu se kolam ,0
i am not a saint coz i am a real person and this ia a genuine account  saat ini saya jualan kaveling tanah menggunakan prinsip syariah,1
we are going to be okay  sini peluk,1
well seharusnya pagi ini saya udah di kota lain   bersiap menghadiri acara yang besar  karena banyaknya rintangan   pertimbangan membuat saya berada disini sekarang  terdengar seperti alasan  its okay sa masi ada  juta cara dan kesempatan lainnya   ,1
user mundur mas kamu tolol,0
ever has it been that love knows not its own depth until the hour of separation  kahlil gibran  cinta tidak akan pernah diketahui kedalamannya sampai  merasakan  jam jam perpisahan ,1
ini si kerjaannya delay selalu  setan  ,0
deforestasi dan ancaman konflik agraria meluas di papua,0
pagi pagi semangat naik kereta ke jakarta  buat take video dll  sampai jakarta malah sakit perut      samyang  you broke my heart so well       ,0
bukan ngegosip  ini namanya well informed,0
cara classic wkek,0
coba belajar untuk menghormati pemerintah sendiri mas  jangan cuma bisa menunjukan watak jelek diri sendiri  not good untuk seorang yang sudah dewasa  pemerintah sendiri kok dikatain  ckck ,1
donald j trump ia a god fearing pres whom god chose to carry out his missions not only for america but for israel   the world   the best in american history you guys are the evil ones,1
dulu tuh ya gallery sampai penuh sama foto foto hd dari twitter,1
what oke oce katanya sukses di jakarta  rasanya mau ketawa guling guling    pasti brother sandy amnesia bahwa oke oce pada tutup tidak bisa bertahan,0
baru sempat nerusin unpacking lagi  a variety of tupiem related pouches lol,1
lagi ngerasain not sad but not happy  seperti datar aja gitu,0
paragon yang mostly thailand movies nya ada sub english,1
ya tandanya dia bokek or something lah wkwk,0
saya sebagai vip  ga membela sama sekali si seungri  apapun alasannya  dia pelaku dan terbukti   but  seeing people making jokes on him because of his scandal  it hurts me and breaks my heart into pieces,0
rt user  goblok kamu   itu orang yang berbeda brot her  ,0
oke  karena kemarin banyak yang mau how to edit nya  dibikinin sekarang ya   sorry kalau telat    how to edit this photo with vsco     a thread ,1
alhamdulillah selama ada usaha itu pasti ada jalan  dan itu bener eheeheheww  jadi saya gapernah ngerasa sendiri  allah selalu temenin    bukan cuma allah  tuhan kalian masing masing pun sama  suatu saat kita pasti kembali   jadi jangan pernah ada kata  buntu  ya  keep going on  ,1
halo pengiriman resi                 menggunakan yes kenapa belum sampai ya  dari kemaren di check tracking stuck di boyolali  sekarang di check tracking not found  tolong bantu penjelasan nya ,0
ada kontes webtoon nih pengen sangat ikut pingin masukin tema  missing someone who doesnt even care ,1
kalau aku  jawabannya so simpel   mungkin mereka sudah muak dengan tingkah laku    yang selalu salah dan bangga  dengan sandiwara uno nya ,0
ja share   kades kedumulyo pati didakwa selewengkan dana desa,0
when pas kenal bts gua langsung suka sama taehyung ternyata absurd bangsat terus juga receh kek akuuuuuuuuu uwuuuu  ,1
bpjs masalah yang sangat pelik juga  bukan cuma dana  ada masalah standar yang pelayanan kesehatan yang tidak jelas  visi kesehatan yang selalu kuratif dibandingkan preventif dll  butuh dasawarsa untuk sampai ditingkat win win solutions  not so easy ferguso,0
pesan gosend  driver sudah ambil barang dari pengirim tapi tiba tiba di app driver not found and driver tidak bisa di hubungi barang yang sudah di ambil pun tidak sampai ke penerima  gimana ini  barang seharga     juta    ,0
i do not mind having a non chinese indo boyfriend tapi setelah beberapa kali ngedate sama mereka i feel like they fetishize chinese girls sangat i do not know if it is because of japanese porn kpop girlbands influencer macem laurentsai yang bikin jadi begini but def not cool imma stick with chinese guys for now,0
well okay  benar benar tepat sasaran jawabannya mba,1
siapapun kamu  mau kamu followers saya atau bukan please stop  it is not even funny anymore ,0
well  atta bisa jadi youtuber dengan subscribers jutaan  lebihin dia dulu baru boleh ngatain  kecuali atta sudah melakukan kriminal boleh lah dimaki seperti gini  kritik saja gapapa  maki tanpa landasan gini tuh malu maluin  ,1
rasanya ingin segera fokus ke  kesehatan ku dulu sebelum di gembleng habis habis an,1
by the way   di webtoon waffles and pancakes ada episode ini  realisasi bit stand up dari fttf    ,1
sekelas kita cuma bisa bilang   begitu saja      not elegance moment but we keep enjoy event  because we are the host  di jl gurame pasar minggu  jakarta selatan,1
well    sesuai perkiraan bos sarri cuma mau ketemu napoli di final ,1
minjemin duit ke orang yang punya rumah seharga    jt  mobil ada   biji motor   biji  pas ditagih belom dapat uangnya  well helloooo aset kamu motor kasih saya saja mas broo   gimana ,0
halah bacot  mulut lelaki terkadang selalu begitu,0
satu figurenya   k  jangan kaget  this is not something you see everyday in toys fair  ada bajaj     k  kap atas bisa dibuka  dalemnya lengkap tempat duduk  kopling  stir etc  skala masih       edann ,1
kamera di salah satu sudut gerai kami ini  adalah saksi bisu akan banyaknya memori yang tercipta di kolibrew  bagi kami  semua momen yang tercipta dengan kalian adalah momen yang sangat berharga  bagaimana kami tumbuh dengan dukungan kalian  let s make some beautiful memory with us  ,1
survey new endonesia,0
kalau iklan asal sudah steady  well implemented hopefully ada transferan,1
not yet  sepertinya aku sama kaya yang    adirect messagein deh  can not move on to the reality  ,0
kudianggap tidak becus karena salah mengarahkan  well  ,0
ketusuk padahal not fully because those people juga sih  but thanks nik  i am still considering my decision,1
when you udah semangat ke sekolah  terus di jalan ketemu doi goncengan sama temen kamu sendiri tuh rasanya       argh ,0
well  tiap orang bisa berubah kapan saja  apalagi faktor yang mendorong perubahan itu rasa kecewa  jangan harap semua bisa sama sepert sebelumnya ,1
tidak cuma formalitas aja gitu nanya  kenapa  oo gitu  mengangguk ngangguk  ok  alergi obat  ok  saya resep ya    saya sebal sangat sama yang begini   sorry not sorry  i need to discuss what happened with my body  what should i do and so on and so on    tidak cuma minum obat dari resep ,0
that is why selalu malas ke cs bank  maunya cuma ganti kartu  buka m banking malah ditawarin unit link ini itu,0
not biased tapi disini dia keren   cantik sangat gila,1
am not sure so  tentang percaya atau ga percaya kalau udah begini  kalau pake logika sederhana biasa sih ya gabisa begitu  kalau keluarga saya ngandelin penghasilan bapak gua aja dengan keadaan anaknya ada   dan rese rese ini yaaa gimana ya ,0
well  kalau memang udah keliatan bete sih biasanya aku otomatis mundur ngasih space  tapi tanyain dulu baik baik  lagi kenapa  kalau memang gamau ngebahas yaaa yaudah  kebetulan aku bukan cewek yang kalau bete malah menghindar so i cant relate ,0
diam kamu poop anaconda,0
at worlds ends nya mana ,1
kalau program gini imho ya pak tidak efektif sangat meskipun maksudnya bagus  karena di sekolah dan kampus pun ada pesantren dan pembelajaran islam lebih dalam di bulan ramadhan  daripada libur   bulan  why not fix the education system biar lebih bagus dan syariah  ,1
